ward,gender,age,education,monthly_income,household_size,family_head,value_chain,vc_experience,project_skepticism,adequate_consultation,project_acceptance,satisfactory_training,project_success_optimism,project_benefits,sustainable_skills,sustainable_technology,project_understanding,vc_understanding,vc_agriculture_practices_awareness,vc_technology_awareness,vc_product_marketing_understanding,practice_mixed_farming,practice_large_scale_farming,use_extension_services,use_credit_farming,full_time_farming,average_flock_size_before,average_flock_size_after,average_flock_size_change,annual_production_cycles_before,annual_production_cycles_after,annual_production_cycles_change,price_before,price_after,price_change,annual_income_before,annual_income_after,annual_income_change,jobs_created_before,jobs_created_after,jobs_created_change,trained_improved_varieties,adopted_improved_varieties,trained_poultry_housing,adopted_poultry_housing,trained_feeds_production,adopted_feeds_production,trained_feeds_management,adopted_feeds_management,trained_hatchery_management,adopted_hatchery_management,trained_vaccination,adopted_vaccination,trained_hygiene_management,adopted_hygiene_management,enterprise_profitability_increase,farm_productivity_increase,timely_implementation,new_income_streams,job_creation_increase,project_inclusivity
Tulimani,Male,68,Primary,400,6,Yes,Indigenous chicken,5,5,5,5,5,5,5,5,5,5,5,5,5,5,5,3,5,5,5,20,35,15,1,2,1,300,1000,700,6000,70000,64000,1,1,0,Yes,Yes,Yes,Yes,Yes,Yes,Yes,Yes,Yes,Yes,Yes,Yes,Yes,Yes,5,5,5,5,5,5
Tulimani,Male,74,Primary,1500,5,Yes,Indigenous chicken,5,5,5,5,5,5,5,5,5,5,5,5,5,5,5,4,5,5,5,18,80,62,1,1,0,200,1000,800,3600,80000,76400,1,2,1,Yes,Yes,Yes,Yes,Yes,Yes,Yes,Yes,Yes,Yes,Yes,Yes,Yes,Yes,5,5,5,5,5,5
Tulimani,Male,80,Secondary,2500,6,Yes,Indigenous chicken,5,5,5,5,5,5,5,5,5,5,5,5,5,5,5,4,5,5,5,25,40,15,1,2,1,300,1000,700,7500,80000,72500,1,1,0,Yes,Yes,Yes,Yes,Yes,Yes,Yes,Yes,Yes,Yes,Yes,Yes,Yes,Yes,5,5,5,5,5,5
Tulimani,Male,74,Primary,2000,6,Yes,Indigenous chicken,5,5,5,5,5,5,5,5,5,5,5,5,5,5,5,4,5,5,5,3,10,7,1,1,0,500,1000,500,1500,10000,8500,1,1,0,Yes,Yes,Yes,Yes,Yes,Yes,Yes,Yes,Yes,Yes,Yes,Yes,Yes,Yes,5,5,5,5,5,5
Tulimani,Female,71,Primary,2000,4,Yes,Indigenous chicken,5,5,5,5,5,5,5,5,5,5,5,5,5,5,5,4,5,5,5,20,100,80,1,2,1,500,1000,500,10000,200000,190000,1,2,1,Yes,Yes,Yes,Yes,Yes,Yes,Yes,Yes,Yes,Yes,Yes,Yes,Yes,Yes,5,5,5,5,5,5
Tulimani,Male,67,Secondary,20000,4,Yes,Indigenous chicken,5,5,5,5,5,5,5,5,5,5,5,5,5,5,5,4,5,5,5,20,30,10,1,2,1,800,1000,200,16000,60000,44000,1,3,2,Yes,Yes,Yes,Yes,Yes,Yes,Yes,Yes,Yes,Yes,Yes,Yes,Yes,Yes,5,5,5,5,5,5
Tulimani,Female,68,Primary,2000,6,Yes,Indigenous chicken,5,5,5,5,5,5,5,5,5,5,5,5,5,5,5,4,5,5,5,10,24,14,1,3,2,500,1000,500,5000,72000,67000,1,1,0,Yes,Yes,Yes,Yes,Yes,Yes,Yes,Yes,Yes,Yes,Yes,Yes,Yes,Yes,5,5,5,5,5,5
Tulimani,Male,68,Primary,1000,6,Yes,Indigenous chicken,5,5,5,5,5,5,5,5,5,5,5,5,5,5,5,4,5,5,5,5,10,5,1,1,0,500,1000,500,2500,10000,7500,1,1,0,Yes,Yes,Yes,Yes,Yes,Yes,Yes,Yes,Yes,Yes,Yes,Yes,Yes,Yes,5,5,5,5,5,5
Tulimani,Male,66,Secondary,3000,2,Yes,Indigenous chicken,5,5,5,5,5,5,5,5,5,5,5,5,5,5,5,4,5,5,5,20,50,30,2,3,1,400,1000,600,16000,150000,134000,1,2,1,Yes,Yes,Yes,Yes,Yes,Yes,Yes,Yes,Yes,Yes,Yes,Yes,Yes,Yes,5,5,5,5,5,5
Tulimani,Male,51,Secondary,10000,6,No,Indigenous chicken,5,5,5,5,5,5,5,5,5,5,5,5,5,4,5,5,5,5,5,10,40,30,2,3,1,400,700,300,8000,84000,76000,1,1,0,Yes,Yes,Yes,Yes,Yes,Yes,Yes,Yes,Yes,Yes,Yes,Yes,Yes,Yes,5,5,5,5,5,5
Tulimani,Female,80,Primary,500,1,No,Indigenous chicken,2,5,5,5,5,5,5,5,5,5,5,5,5,4,5,3,5,5,5,10,20,10,1,1,0,600,800,200,6000,16000,10000,1,1,0,Yes,Yes,Yes,Yes,Yes,Yes,Yes,Yes,Yes,Yes,Yes,Yes,Yes,Yes,5,5,5,5,5,5
Tulimani,Female,51,Secondary,1000,5,Yes,Indigenous chicken,5,5,5,5,5,5,5,5,5,5,5,5,5,5,5,5,5,5,5,13,21,8,1,1,0,500,700,200,6500,14700,8200,1,1,0,Yes,Yes,Yes,Yes,Yes,Yes,Yes,Yes,Yes,Yes,Yes,Yes,Yes,Yes,5,5,5,5,5,5
Tulimani,Female,63,Secondary,4000,6,Yes,Indigenous chicken,5,5,5,5,5,5,5,5,5,5,5,5,5,5,5,4,5,5,5,20,200,180,1,1,0,300,600,300,6000,120000,114000,1,2,1,Yes,Yes,Yes,Yes,Yes,Yes,Yes,Yes,Yes,Yes,Yes,Yes,Yes,Yes,5,5,5,5,5,5
Tulimani,Female,58,Primary,1000,2,No,Indigenous chicken,5,5,5,5,5,5,5,5,5,5,5,5,5,5,5,5,5,5,5,12,20,8,1,1,0,500,750,250,6000,15000,9000,1,1,0,Yes,Yes,Yes,Yes,Yes,Yes,Yes,Yes,Yes,Yes,Yes,Yes,Yes,Yes,5,5,5,5,5,5
Tulimani,Female,85,Primary,500,6,Yes,Indigenous chicken,5,5,5,5,5,5,5,5,5,5,5,5,5,5,5,5,5,5,5,1,10,9,1,1,0,250,500,250,250,5000,4750,1,1,0,Yes,Yes,Yes,Yes,Yes,Yes,Yes,Yes,Yes,Yes,Yes,Yes,Yes,Yes,5,5,5,5,5,5
Tulimani,Female,57,Primary,3000,2,Yes,Indigenous chicken,5,5,5,5,5,5,5,5,5,5,5,5,5,5,5,4,5,5,3,10,50,40,2,3,1,500,1000,500,5000,50000,45000,1,1,0,Yes,Yes,Yes,Yes,Yes,Yes,Yes,Yes,Yes,Yes,Yes,Yes,Yes,Yes,5,5,5,5,5,5
Tulimani,Female,60,Primary,2000,3,Yes,Indigenous chicken,5,5,5,5,5,5,5,5,5,5,5,5,5,5,5,4,5,5,5,10,20,10,1,1,0,700,1000,300,7000,20000,13000,1,1,0,Yes,Yes,Yes,Yes,Yes,Yes,Yes,Yes,Yes,Yes,Yes,Yes,Yes,Yes,5,5,5,5,5,5
Tulimani,Female,48,Secondary,50000,1,No,Indigenous chicken,5,5,5,5,5,5,5,5,5,5,5,5,5,5,5,5,5,5,5,5,25,20,1,2,1,300,1000,700,1500,50000,48500,1,2,1,Yes,Yes,Yes,Yes,Yes,Yes,Yes,Yes,Yes,Yes,Yes,Yes,Yes,Yes,5,5,5,5,5,5
Tulimani,Female,51,Primary,1000,4,No,Indigenous chicken,5,5,5,5,5,5,5,5,5,5,5,5,5,5,5,5,5,5,5,20,25,5,1,1,0,300,700,400,6000,17500,11500,1,1,0,Yes,Yes,Yes,Yes,Yes,Yes,Yes,Yes,Yes,Yes,Yes,Yes,Yes,Yes,5,5,5,5,5,5
Tulimani,Female,53,Secondary,6000,1,No,Indigenous chicken,5,5,5,5,5,5,5,5,5,5,5,5,5,5,5,5,5,5,5,6,20,14,1,2,1,400,1000,600,2400,40000,37600,1,1,0,Yes,Yes,Yes,Yes,Yes,Yes,Yes,Yes,Yes,Yes,Yes,Yes,Yes,Yes,5,5,5,5,5,5
Tulimani,Female,75,Primary,3000,6,Yes,Indigenous chicken,5,5,5,5,5,5,5,5,5,5,5,5,5,5,5,5,5,5,5,3,15,12,1,1,0,500,800,300,1500,12000,10500,1,1,0,Yes,Yes,Yes,Yes,Yes,Yes,Yes,Yes,Yes,Yes,Yes,Yes,Yes,Yes,5,5,5,5,5,5
Tulimani,Male,44,Primary,1000,4,Yes,Indigenous chicken,5,5,5,5,5,5,5,5,5,5,5,5,5,5,5,5,5,5,5,2,30,28,1,3,2,400,800,400,800,72000,71200,1,1,0,Yes,Yes,Yes,Yes,Yes,Yes,Yes,Yes,Yes,Yes,Yes,Yes,Yes,Yes,5,5,5,5,5,5
Tulimani,Female,65,Secondary,10000,5,Yes,Indigenous chicken,5,5,5,5,5,5,5,5,5,5,5,5,5,5,5,4,5,5,5,30,100,70,1,3,2,500,1500,1000,15000,450000,435000,1,1,0,Yes,Yes,Yes,Yes,Yes,Yes,Yes,Yes,Yes,Yes,Yes,Yes,Yes,Yes,5,5,5,5,5,5
Tulimani,Male,70,Primary,400,2,Yes,Indigenous chicken,5,5,5,5,5,5,5,5,5,5,5,5,5,5,5,4,5,5,5,12,28,16,1,2,1,500,1000,500,6000,56000,50000,1,1,0,Yes,Yes,Yes,Yes,Yes,Yes,Yes,Yes,Yes,Yes,Yes,Yes,Yes,Yes,5,5,5,5,5,5
Tulimani,Female,71,Primary,500,3,No,Indigenous chicken,5,5,5,5,5,5,5,5,5,5,5,5,5,5,5,4,5,5,5,10,20,10,1,1,0,500,1000,500,5000,20000,15000,1,1,0,Yes,Yes,Yes,Yes,Yes,Yes,Yes,Yes,Yes,Yes,Yes,Yes,Yes,Yes,5,5,5,5,5,5
Tulimani,Female,65,Secondary,300,2,No,Indigenous chicken,5,5,5,5,5,5,5,5,5,5,5,5,5,5,5,4,5,5,5,20,30,10,1,3,2,600,1000,400,12000,120000,108000,1,1,0,Yes,Yes,Yes,Yes,Yes,Yes,Yes,Yes,Yes,Yes,Yes,Yes,Yes,Yes,5,5,3,5,5,4
Tulimani,Male,74,Primary,4000,6,Yes,Indigenous chicken,5,5,5,5,5,5,5,5,5,5,5,5,5,5,5,4,5,5,5,50,100,50,1,2,1,400,1000,600,20000,200000,180000,1,2,1,Yes,Yes,Yes,Yes,Yes,Yes,Yes,Yes,Yes,Yes,Yes,Yes,Yes,Yes,5,5,4,5,5,5
Tulimani,Male,61,Primary,9000,1,Yes,Indigenous chicken,5,5,5,5,5,5,5,5,5,5,5,5,5,5,5,4,5,5,5,0,10,10,0,1,1,0,1000,1000,0,10000,10000,0,1,1,Yes,Yes,Yes,Yes,Yes,Yes,Yes,Yes,Yes,Yes,Yes,Yes,Yes,Yes,5,5,5,5,5,5
Tulimani,Male,63,Secondary,3000,2,Yes,Indigenous chicken,5,5,5,5,5,5,5,5,5,5,5,5,5,5,5,4,5,5,5,20,30,10,1,3,2,500,800,300,10000,72000,62000,1,1,0,Yes,Yes,Yes,Yes,Yes,Yes,Yes,Yes,Yes,Yes,Yes,Yes,Yes,Yes,5,5,4,5,5,5
Tulimani,Male,55,Diploma,10000,4,Yes,Indigenous chicken,5,5,5,5,5,5,5,5,5,5,5,5,5,5,5,3,5,5,4,5,30,25,1,3,2,500,700,200,2500,63000,60500,1,1,0,Yes,Yes,Yes,Yes,Yes,Yes,Yes,Yes,Yes,Yes,Yes,Yes,Yes,Yes,5,5,5,5,5,5
Tulimani,Male,64,Primary,2000,6,Yes,Indigenous chicken,5,5,5,5,5,5,5,5,5,5,5,5,5,5,5,4,5,5,5,2,50,48,1,2,1,400,800,400,800,80000,79200,1,1,0,Yes,Yes,Yes,Yes,Yes,Yes,Yes,Yes,Yes,Yes,Yes,Yes,Yes,Yes,5,5,5,5,5,5
Tulimani,Female,32,Secondary,5000,4,Yes,Indigenous chicken,5,5,5,5,5,5,5,5,5,5,5,5,5,5,5,4,5,5,5,10,25,15,1,2,1,500,800,300,5000,20000,15000,1,1,0,Yes,Yes,Yes,Yes,Yes,Yes,Yes,Yes,Yes,Yes,Yes,Yes,Yes,Yes,5,5,5,5,5,5
Tulimani,Male,78,Primary,3000,4,Yes,Indigenous chicken,5,5,5,5,5,5,5,5,5,5,5,5,4,5,5,4,5,5,5,10,40,30,1,2,1,400,1000,600,4000,80000,76000,1,2,1,Yes,Yes,Yes,Yes,Yes,Yes,Yes,Yes,Yes,Yes,Yes,Yes,Yes,Yes,5,5,4,5,5,5
Tulimani,Male,60,Secondary,5000,3,Yes,Indigenous chicken,5,5,5,5,5,5,5,5,5,5,5,5,5,5,5,4,5,5,5,20,40,20,1,1,0,300,1000,700,6000,40000,34000,1,1,0,Yes,Yes,Yes,Yes,Yes,Yes,Yes,Yes,Yes,Yes,Yes,Yes,Yes,Yes,5,5,5,5,5,4
Tulimani,Male,56,Secondary,2000,3,Yes,Indigenous chicken,5,5,5,5,5,5,5,5,5,5,5,5,5,5,5,4,5,5,5,25,50,25,1,2,1,500,700,200,12500,35000,22500,1,1,0,Yes,Yes,Yes,Yes,Yes,Yes,Yes,Yes,Yes,Yes,Yes,Yes,Yes,Yes,5,5,5,5,5,5
Tulimani,Female,26,Primary,4000,4,No,Indigenous chicken,5,5,5,5,5,5,5,5,5,5,5,5,5,5,5,4,5,5,5,10,30,20,1,2,1,500,800,300,5000,48000,43000,1,1,0,Yes,Yes,Yes,Yes,Yes,Yes,Yes,Yes,Yes,Yes,Yes,Yes,Yes,Yes,5,5,5,5,5,5
Thange,Female,54,Secondary,500,2,No,Indigenous chicken,7,4,4,4,5,4,4,4,4,4,4,4,4,4,4,4,4,4,5,10,20,10,3,5,2,400,1000,600,1200,5000,3800,1,1,0,Yes,Yes,Yes,Yes,Yes,No,Yes,No,Yes,Yes,Yes,Yes,Yes,Yes,4,5,4,4,5,5
Thange,Male,50,Primary,5000,3,Yes,Indigenous chicken,25,4,4,4,4,5,4,4,4,5,4,4,4,4,4,4,4,4,5,20,10,-10,0,2,2,500,1000,500,900,10000,9100,1,2,1,Yes,Yes,Yes,Yes,Yes,No,Yes,No,Yes,Yes,Yes,Yes,Yes,Yes,4,4,4,4,4,4
Thange,Female,40,Secondary,8000,1,No,Indigenous chicken,10,4,4,4,4,4,5,4,4,4,4,4,4,4,4,2,4,3,2,2,50,48,2,3,1,150,800,650,1000,9000,8000,1,1,0,Yes,Yes,Yes,Yes,Yes,Yes,Yes,Yes,Yes,Yes,Yes,Yes,Yes,Yes,4,5,4,4,4,5
Thange,Male,49,Diploma,1000,1,Yes,Indigenous chicken,20,4,4,5,5,5,5,3,3,4,4,4,4,5,5,2,4,4,3,10,50,40,3,6,3,150,800,650,1000,12000,11000,1,1,0,Yes,Yes,Yes,No,Yes,Yes,Yes,Yes,Yes,Yes,Yes,Yes,Yes,Yes,4,4,4,4,5,5
Thange,Male,70,Degree,25000,3,Yes,Indigenous chicken,7,4,5,4,4,4,5,4,4,4,4,4,4,5,4,4,4,4,5,70,25,-45,2,4,2,0,60,60,0,3000,3000,1,2,1,Yes,Yes,Yes,Yes,Yes,Yes,Yes,Yes,Yes,Yes,Yes,Yes,Yes,Yes,4,3,4,4,4,5
Thange,Male,56,Diploma,10000,5,Yes,Indigenous chicken,2,4,4,4,4,4,4,3,4,4,4,4,4,4,4,2,4,4,5,7,500,493,3,0,-3,800,1000,200,0,20000,20000,0,1,1,Yes,Yes,Yes,Yes,Yes,Yes,Yes,Yes,Yes,Yes,Yes,Yes,Yes,Yes,4,4,5,4,4,4
Thange,Female,41,Secondary,10000,2,No,Indigenous chicken,15,4,4,4,5,5,5,4,4,4,4,4,3,4,4,4,4,4,2,20,27,7,3,4,1,400,800,400,12000,15000,3000,1,1,0,Yes,Yes,Yes,Yes,Yes,Yes,Yes,Yes,Yes,Yes,Yes,Yes,Yes,Yes,4,4,4,4,4,4
Thange,Female,66,Primary,500,2,No,Indigenous chicken,20,4,4,4,4,4,5,4,4,4,4,4,4,4,4,4,4,4,5,30,50,20,3,3,0,500,900,400,3000,5000,2000,0,0,0,Yes,Yes,Yes,Yes,Yes,Yes,Yes,Yes,Yes,Yes,Yes,Yes,Yes,Yes,4,4,4,4,4,4
Thange,Female,42,Primary,20000,3,No,Indigenous chicken,20,4,4,4,4,4,5,4,4,4,4,4,4,4,4,4,4,4,4,17,30,13,4,5,1,300,800,500,20000,40000,20000,0,0,0,Yes,Yes,Yes,Yes,Yes,Yes,Yes,Yes,Yes,Yes,Yes,Yes,Yes,Yes,4,4,5,4,4,4
Thange,Female,41,Primary,2000,6,No,Indigenous chicken,19,4,4,4,4,4,4,4,4,4,5,5,2,4,4,4,4,4,5,50,34,-16,2,0,-2,350,750,400,2000,5000,3000,0,0,0,Yes,Yes,Yes,Yes,Yes,Yes,Yes,Yes,Yes,Yes,Yes,Yes,Yes,Yes,3,3,4,3,3,5
Thange,Female,49,Primary,5000,5,No,Indigenous chicken,10,4,4,4,4,4,5,4,3,5,5,5,3,5,5,2,4,4,5,10,40,30,3,6,3,200,500,300,3000,6000,3000,0,0,0,Yes,Yes,Yes,Yes,Yes,Yes,Yes,Yes,Yes,Yes,Yes,Yes,Yes,Yes,4,4,4,4,3,5
Thange,Female,40,Primary,4000,2,No,Indigenous chicken,10,4,5,4,4,4,5,4,3,4,5,5,4,5,5,2,4,4,4,10,20,10,3,6,3,400,1000,600,5000,20000,15000,0,0,0,Yes,Yes,Yes,Yes,Yes,Yes,Yes,Yes,Yes,Yes,Yes,Yes,Yes,Yes,4,4,5,4,3,5
Thange,Male,40,Primary,20000,6,Yes,Indigenous chicken,3,4,4,4,4,4,5,4,4,5,5,4,3,5,5,2,4,3,4,60,150,90,1,3,2,600,800,200,30000,70000,40000,0,1,1,Yes,Yes,Yes,Yes,Yes,Yes,Yes,Yes,Yes,Yes,Yes,Yes,Yes,Yes,4,4,4,4,4,5
Thange,Female,53,Primary,3000,6,No,Indigenous chicken,35,4,5,4,4,4,5,4,4,4,4,4,4,4,5,3,4,4,5,10,40,30,2,4,2,300,600,300,3000,20000,17000,0,0,0,Yes,Yes,Yes,Yes,Yes,Yes,Yes,Yes,Yes,Yes,Yes,Yes,Yes,Yes,4,4,4,5,4,5
Tulimani,Female,63,Primary,2000,4,No,Indigenous chicken,5,5,5,5,5,5,5,5,5,5,5,5,5,5,5,5,5,5,5,5,20,15,1,1,0,500,1000,500,2500,20000,17500,1,1,0,Yes,Yes,Yes,Yes,Yes,Yes,Yes,Yes,Yes,Yes,Yes,Yes,Yes,Yes,5,5,5,5,5,5
Waia/Kako,Female,46,Secondary,10000,5,No,Indigenous chicken,3,5,5,4,5,5,5,5,5,5,5,4,4,4,5,5,4,4,2,10,20,10,3,5,2,500,1000,500,5000,15000,10000,0,0,0,Yes,Yes,Yes,Yes,Yes,Yes,Yes,Yes,Yes,Yes,Yes,Yes,Yes,Yes,4,5,5,5,5,5
Waia/Kako,Female,45,Secondary,16000,5,Yes,Indigenous chicken,4,5,5,4,5,4,5,4,5,4,5,5,5,5,5,5,5,4,2,10,20,10,2,3,1,400,1000,600,5000,20000,15000,0,0,0,Yes,Yes,Yes,Yes,Yes,Yes,Yes,Yes,Yes,Yes,Yes,Yes,Yes,Yes,5,5,5,5,4,5
Waia/Kako,Female,65,Primary,15000,4,No,Indigenous chicken,4,5,5,5,5,4,5,4,5,4,5,4,4,5,5,5,5,5,2,2,10,8,2,3,1,400,1000,600,1000,10000,9000,0,0,0,Yes,Yes,Yes,Yes,Yes,Yes,Yes,Yes,Yes,Yes,Yes,Yes,Yes,Yes,5,5,4,5,4,5
Waia/Kako,Female,45,Secondary,20000,3,Yes,Indigenous chicken,4,5,5,5,4,4,5,5,5,5,5,5,5,5,5,5,5,5,2,30,350,320,7,10,3,600,1000,400,10000,30000,20000,0,1,1,Yes,Yes,Yes,Yes,Yes,Yes,Yes,Yes,Yes,Yes,Yes,Yes,Yes,Yes,5,5,5,5,5,5
Waia/Kako,Female,45,Secondary,15000,4,Yes,Indigenous chicken,4,5,5,5,5,5,4,5,5,4,5,5,5,4,5,5,5,5,5,5,30,25,2,5,3,400,1000,600,3000,15000,12000,0,0,0,Yes,Yes,Yes,Yes,Yes,Yes,Yes,Yes,Yes,Yes,Yes,Yes,Yes,Yes,5,5,5,5,5,4
Waia/Kako,Female,45,Secondary,15000,6,No,Indigenous chicken,4,5,5,5,5,5,5,5,5,5,5,5,5,5,5,5,5,5,2,5,38,33,2,4,2,400,1100,700,5000,15000,10000,0,0,0,Yes,Yes,Yes,Yes,Yes,Yes,Yes,Yes,Yes,Yes,Yes,Yes,Yes,Yes,5,4,5,5,4,5
Waia/Kako,Female,35,Certificate,10000,5,Yes,Indigenous chicken,4,5,5,5,5,5,5,5,5,5,5,5,5,5,5,5,5,5,2,10,18,8,1,3,2,400,1100,700,5000,20000,15000,0,0,0,Yes,Yes,Yes,Yes,Yes,Yes,Yes,Yes,Yes,Yes,Yes,Yes,Yes,Yes,5,4,5,5,5,5
Waia/Kako,Female,43,Secondary,15000,3,Yes,Indigenous chicken,4,5,5,5,5,5,5,5,4,4,4,4,5,5,5,5,5,5,2,10,25,15,3,5,2,500,1000,500,6000,17000,11000,0,0,0,Yes,Yes,Yes,Yes,Yes,Yes,Yes,Yes,Yes,Yes,Yes,Yes,Yes,Yes,5,4,5,5,5,5
Waia/Kako,Female,56,Primary,10000,5,Yes,Indigenous chicken,4,5,4,5,5,5,5,5,5,5,5,5,5,5,5,5,5,5,4,3,40,37,1,8,7,300,1100,800,7000,20000,13000,0,0,0,Yes,Yes,Yes,Yes,Yes,Yes,Yes,Yes,Yes,Yes,Yes,Yes,Yes,Yes,5,4,5,5,5,4
Waia/Kako,Female,36,Certificate,20000,5,Yes,Indigenous chicken,4,5,5,5,5,5,5,5,5,5,5,5,4,4,5,5,4,5,2,10,44,34,2,5,3,450,1000,550,1000,10000,9000,0,0,0,Yes,Yes,Yes,Yes,Yes,Yes,Yes,Yes,Yes,Yes,Yes,Yes,Yes,Yes,5,5,4,4,4,5
Waia/Kako,Male,62,Primary,20000,5,Yes,Indigenous chicken,4,5,5,4,5,4,5,5,4,5,5,5,4,5,4,5,4,5,2,10,20,10,2,4,2,500,1000,500,5000,10000,5000,0,0,0,Yes,Yes,Yes,Yes,Yes,Yes,Yes,Yes,Yes,Yes,Yes,Yes,Yes,Yes,5,4,5,5,5,4
Waia/Kako,Female,73,Primary,20000,4,Yes,Indigenous chicken,5,5,5,5,5,5,4,5,4,5,4,5,4,5,5,4,5,5,5,10,20,10,3,3,0,350,1000,650,3000,10000,7000,0,0,0,Yes,Yes,Yes,Yes,Yes,Yes,Yes,Yes,Yes,Yes,Yes,Yes,Yes,Yes,5,4,5,4,4,4
Waia/Kako,Female,69,Primary,15000,3,Yes,Indigenous chicken,4,5,4,5,5,5,4,5,5,5,4,5,4,5,5,5,5,4,5,3,7,4,2,4,2,400,800,400,3000,7000,4000,0,0,0,Yes,Yes,Yes,Yes,Yes,Yes,Yes,Yes,Yes,Yes,Yes,Yes,Yes,Yes,5,4,5,4,4,5
Waia/Kako,Male,70,Primary,20000,4,Yes,Indigenous chicken,4,5,4,5,4,4,4,4,4,4,5,5,5,5,4,5,4,5,2,0,20,20,0,4,4,0,1000,1000,0,10000,10000,0,0,0,Yes,Yes,Yes,Yes,Yes,Yes,Yes,Yes,Yes,Yes,Yes,Yes,Yes,Yes,5,4,5,5,5,5
Waia/Kako,Male,75,Primary,20000,4,Yes,Indigenous chicken,4,5,5,5,5,4,4,4,4,4,5,4,4,5,4,5,5,4,2,10,18,8,2,4,2,400,1000,600,3000,9000,6000,0,0,0,Yes,Yes,Yes,Yes,Yes,Yes,Yes,Yes,Yes,Yes,Yes,Yes,Yes,Yes,5,4,5,5,4,4
Waia/Kako,Male,61,Primary,20000,2,Yes,Indigenous chicken,4,5,5,4,5,4,4,4,4,3,4,4,5,5,5,5,4,5,2,50,20,-30,5,2,-3,400,1000,600,15000,10000,-5000,0,0,0,Yes,Yes,Yes,Yes,Yes,Yes,Yes,Yes,Yes,Yes,Yes,Yes,Yes,Yes,5,4,4,5,4,4
Waia/Kako,Female,42,Primary,40000,4,Yes,Indigenous chicken,4,5,5,4,5,5,5,5,4,5,5,4,4,4,5,5,5,5,2,0,45,45,0,5,5,0,1200,1200,0,20000,20000,0,0,0,Yes,Yes,Yes,Yes,Yes,Yes,Yes,Yes,Yes,Yes,Yes,Yes,Yes,Yes,5,4,4,4,4,4
Waia/Kako,Female,59,Primary,30000,3,Yes,Indigenous chicken,4,5,5,4,5,5,5,4,4,4,4,4,5,5,5,5,5,4,2,20,50,30,3,7,4,400,1100,700,5000,20000,15000,0,0,0,Yes,Yes,Yes,Yes,Yes,Yes,Yes,Yes,Yes,Yes,Yes,Yes,Yes,Yes,5,4,5,5,5,4
Waia/Kako,Female,50,Certificate,25000,6,Yes,Indigenous chicken,4,5,5,5,4,5,4,4,5,5,5,5,5,5,5,5,5,5,2,50,10,-40,4,6,2,400,1000,600,10000,6000,-4000,0,0,0,Yes,Yes,Yes,Yes,Yes,Yes,Yes,Yes,Yes,Yes,Yes,Yes,Yes,Yes,5,5,4,4,5,4
Waia/Kako,Female,64,Diploma,20000,4,Yes,Indigenous chicken,4,5,5,4,4,4,4,4,5,5,5,5,5,5,5,4,5,4,2,20,100,80,2,6,4,300,1000,700,5000,10000,5000,0,0,0,Yes,Yes,Yes,Yes,Yes,Yes,Yes,Yes,Yes,Yes,Yes,Yes,Yes,Yes,5,5,4,4,5,5
Waia/Kako,Male,51,Primary,15000,3,Yes,Indigenous chicken,4,5,5,5,5,5,5,5,4,4,4,4,4,5,4,5,5,5,2,23,50,27,3,6,3,400,1000,600,5000,10000,5000,0,0,0,Yes,Yes,Yes,Yes,Yes,Yes,Yes,Yes,Yes,Yes,Yes,Yes,Yes,Yes,5,4,4,4,4,4
Waia/Kako,Male,50,Diploma,50,3,Yes,Indigenous chicken,4,5,5,4,5,5,5,5,5,5,4,5,4,5,5,5,4,5,2,10,30,20,1,2,1,500,1000,500,5000,15000,10000,0,0,0,Yes,Yes,Yes,Yes,Yes,Yes,Yes,Yes,Yes,Yes,Yes,Yes,Yes,Yes,5,5,4,4,4,4
Waia/Kako,Female,67,Primary,20000,4,Yes,Indigenous chicken,4,5,5,5,5,4,4,5,4,4,4,5,5,4,4,5,4,5,2,10,19,9,4,6,2,400,1000,600,4000,8000,4000,0,0,0,Yes,Yes,Yes,Yes,Yes,Yes,Yes,Yes,Yes,Yes,Yes,Yes,Yes,Yes,5,5,4,4,4,4
Waia/Kako,Male,56,Primary,20000,2,Yes,Indigenous chicken,4,5,4,4,4,4,4,5,5,5,5,5,5,5,4,4,4,4,2,10,30,20,2,5,3,400,1000,600,3000,10000,7000,0,0,0,Yes,Yes,Yes,Yes,Yes,Yes,Yes,Yes,Yes,Yes,Yes,Yes,Yes,Yes,5,4,5,4,5,5
Waia/Kako,Female,36,Secondary,15000,3,Yes,Indigenous chicken,4,5,4,4,4,4,4,4,4,4,5,4,4,4,4,4,5,5,2,20,8,-12,8,3,-5,400,1000,600,5000,6000,1000,0,0,0,Yes,Yes,Yes,Yes,Yes,Yes,Yes,Yes,Yes,Yes,Yes,Yes,Yes,Yes,5,4,4,5,5,5
Waia/Kako,Female,33,Certificate,20000,2,Yes,Indigenous chicken,4,5,4,5,4,4,5,5,4,4,4,4,4,4,4,2,4,4,2,10,2,-8,5,3,-2,400,1000,600,7000,2000,-5000,0,0,0,Yes,Yes,Yes,Yes,Yes,Yes,Yes,Yes,Yes,Yes,Yes,Yes,Yes,Yes,4,4,4,4,5,5
Waia/Kako,Male,70,Secondary,30000,2,Yes,Indigenous chicken,4,5,5,4,5,5,5,5,4,5,5,5,5,4,4,2,5,4,2,200,50,-150,16,10,-6,500,1100,600,20000,18000,-2000,0,0,0,Yes,Yes,Yes,Yes,Yes,Yes,Yes,Yes,Yes,Yes,Yes,Yes,Yes,Yes,5,4,4,4,4,4
Waia/Kako,Female,49,Diploma,27000,2,Yes,Indigenous chicken,4,5,5,5,4,4,4,4,4,5,5,4,5,5,5,4,4,5,2,20,30,10,15,6,-9,300,1100,800,5000,10000,5000,0,0,0,Yes,Yes,Yes,Yes,Yes,Yes,Yes,Yes,Yes,Yes,Yes,Yes,Yes,Yes,5,5,4,4,4,4
Waia/Kako,Male,43,Certificate,30000,4,Yes,Indigenous chicken,4,5,5,4,5,4,4,4,4,4,4,5,4,4,4,2,4,4,5,15,70,55,5,15,10,400,1200,800,5000,25000,20000,0,0,0,Yes,Yes,Yes,Yes,Yes,Yes,Yes,Yes,Yes,Yes,Yes,Yes,Yes,Yes,5,4,5,4,4,5
Waia/Kako,Female,32,Certificate,25000,4,Yes,Indigenous chicken,4,5,4,4,4,4,4,4,4,4,5,4,5,3,5,3,4,4,4,30,50,20,2,6,4,500,1300,800,6000,15000,9000,0,0,0,Yes,Yes,Yes,Yes,Yes,Yes,Yes,Yes,Yes,Yes,Yes,Yes,Yes,Yes,5,4,5,4,5,4
Waia/Kako,Female,40,Degree,50000,3,Yes,Indigenous chicken,4,4,5,5,5,5,4,5,4,5,5,5,3,4,4,5,4,4,2,10,30,20,3,6,3,400,1000,600,8000,20000,12000,0,0,0,Yes,Yes,Yes,Yes,Yes,Yes,Yes,Yes,Yes,Yes,Yes,Yes,Yes,Yes,5,5,4,5,4,4
Mtito Andei,Female,56,Certificate,4000,6,No,Indigenous chicken,15,4,4,4,4,5,5,5,4,5,5,5,4,4,5,2,5,2,5,30,70,40,2,4,2,300,750,450,6000,40000,34000,1,1,0,Yes,Yes,Yes,Yes,Yes,Yes,Yes,Yes,Yes,Yes,Yes,Yes,Yes,Yes,4,4,4,4,4,4
Mtito Andei,Female,62,Primary,2000,6,No,Indigenous chicken,10,3,5,5,5,4,4,4,4,4,5,4,4,4,5,2,5,2,5,5,30,25,2,4,2,350,550,200,3000,8000,5000,0,0,0,Yes,Yes,Yes,No,Yes,No,Yes,Yes,Yes,Yes,Yes,Yes,Yes,Yes,4,4,4,4,3,3
Waia/Kako,Female,45,Certificate,25000,3,Yes,Indigenous chicken,4,5,5,5,4,5,4,4,5,4,5,5,5,4,4,4,4,4,2,5,20,15,3,6,3,500,1000,500,7000,15000,8000,0,0,0,Yes,Yes,Yes,Yes,Yes,Yes,Yes,Yes,Yes,Yes,Yes,Yes,Yes,Yes,4,4,4,4,4,4
Waia/Kako,Female,60,Primary,30000,3,Yes,Indigenous chicken,4,4,4,4,5,5,4,5,5,4,4,5,4,4,4,4,4,4,4,5,15,10,3,6,3,400,1000,600,5000,10000,5000,0,0,0,Yes,Yes,Yes,Yes,Yes,Yes,Yes,Yes,Yes,Yes,Yes,Yes,Yes,Yes,5,4,4,5,4,5
Waia/Kako,Male,50,Primary,27000,3,Yes,Indigenous chicken,4,4,4,4,4,4,5,4,5,4,4,5,5,5,4,5,5,4,2,7,20,13,3,7,4,400,1000,600,8000,20000,12000,0,0,0,Yes,Yes,Yes,Yes,Yes,Yes,Yes,Yes,Yes,Yes,Yes,Yes,Yes,Yes,4,5,4,4,4,4
Waia/Kako,Female,45,Primary,38000,6,Yes,Indigenous chicken,4,5,5,4,5,5,5,5,4,5,5,5,5,4,4,4,4,5,2,7,27,20,2,6,4,450,1100,650,6000,15000,9000,0,0,0,Yes,Yes,Yes,Yes,Yes,Yes,Yes,Yes,Yes,Yes,Yes,Yes,Yes,Yes,4,5,4,4,5,4
Waia/Kako,Female,50,Primary,20000,4,Yes,Indigenous chicken,4,4,5,4,5,5,5,5,5,4,4,4,4,4,5,5,5,5,2,7,30,23,3,7,4,350,1000,650,6500,17000,10500,0,0,0,Yes,Yes,Yes,Yes,Yes,Yes,Yes,Yes,Yes,Yes,Yes,Yes,Yes,Yes,5,4,4,4,4,4
Waia/Kako,Male,40,Diploma,35000,3,Yes,Indigenous chicken,4,5,4,4,4,4,5,4,5,5,5,5,5,5,4,5,5,5,2,3,20,17,2,6,4,300,1000,700,5000,20000,15000,0,0,0,Yes,Yes,Yes,Yes,Yes,Yes,Yes,Yes,Yes,Yes,Yes,Yes,Yes,Yes,5,4,4,4,4,5
Waia/Kako,Female,32,Diploma,35000,2,Yes,Indigenous chicken,4,5,4,4,4,4,4,4,4,4,4,4,4,4,4,4,4,4,2,10,30,20,2,6,4,400,900,500,5000,20000,15000,0,0,0,Yes,Yes,Yes,Yes,Yes,Yes,Yes,Yes,Yes,Yes,Yes,Yes,Yes,Yes,4,4,4,4,4,4
Waia/Kako,Male,35,Certificate,30000,4,Yes,Indigenous chicken,4,5,4,4,4,4,4,4,4,4,4,4,4,4,5,3,4,4,2,2,25,23,2,6,4,400,1000,600,3000,15000,12000,0,0,0,Yes,Yes,Yes,Yes,Yes,Yes,Yes,Yes,Yes,Yes,Yes,Yes,Yes,Yes,4,4,4,4,4,4
Waia/Kako,Female,40,Certificate,40000,4,Yes,Indigenous chicken,4,4,4,4,4,4,4,5,5,5,5,5,5,5,5,2,5,5,2,15,40,25,4,7,3,400,1000,600,7000,16000,9000,0,0,0,Yes,Yes,Yes,Yes,Yes,Yes,Yes,Yes,Yes,Yes,Yes,Yes,Yes,Yes,5,4,4,5,4,4
Waia/Kako,Female,70,Primary,25000,2,Yes,Indigenous chicken,4,5,5,4,5,4,4,4,4,5,5,5,5,5,4,2,5,5,2,4,20,16,3,7,4,450,1000,550,4000,17000,13000,0,0,0,Yes,Yes,Yes,Yes,Yes,Yes,Yes,Yes,Yes,Yes,Yes,Yes,Yes,Yes,4,4,4,5,5,5
Waia/Kako,Male,45,Secondary,25000,2,Yes,Indigenous chicken,4,5,5,4,5,4,5,4,4,4,4,4,5,5,4,2,5,5,2,15,35,20,4,8,4,400,1100,700,7000,20500,13500,0,0,0,Yes,Yes,Yes,Yes,Yes,Yes,Yes,Yes,Yes,Yes,Yes,Yes,Yes,Yes,5,4,4,5,5,4
Waia/Kako,Male,28,Degree,20000,3,No,Indigenous chicken,3,5,5,4,5,4,5,4,5,4,5,4,4,5,4,5,4,4,5,12,26,14,3,9,6,250,550,300,1200,5000,3800,0,0,0,Yes,Yes,Yes,Yes,Yes,Yes,Yes,Yes,Yes,Yes,Yes,Yes,Yes,Yes,5,5,4,5,5,5
Waia/Kako,Male,65,Primary,25000,3,Yes,Indigenous chicken,4,5,4,4,5,5,5,5,5,4,4,4,4,4,4,4,4,4,2,20,50,30,4,9,5,400,1000,600,5000,20000,15000,0,0,0,Yes,Yes,Yes,Yes,Yes,Yes,Yes,Yes,Yes,Yes,Yes,Yes,Yes,Yes,5,4,4,4,4,5
Waia/Kako,Male,33,Diploma,40000,3,Yes,Indigenous chicken,4,5,4,4,4,4,4,4,4,4,4,4,4,4,4,3,4,4,5,5,25,20,3,7,4,400,1000,600,6000,10000,4000,0,0,0,Yes,Yes,Yes,Yes,Yes,Yes,Yes,Yes,Yes,Yes,Yes,Yes,Yes,Yes,5,4,4,4,4,4
Waia/Kako,Female,42,Secondary,30000,3,Yes,Indigenous chicken,4,4,4,4,5,5,5,5,5,4,5,5,5,5,5,2,5,5,2,5,23,18,3,8,5,400,1000,600,5000,9000,4000,0,0,0,Yes,Yes,Yes,Yes,Yes,Yes,Yes,Yes,Yes,Yes,Yes,Yes,Yes,Yes,4,4,5,5,5,4
Waia/Kako,Male,37,Diploma,40000,4,Yes,Indigenous chicken,4,5,4,4,5,4,4,4,4,4,5,5,5,4,4,2,5,5,2,10,37,27,5,8,3,500,1000,500,8000,20000,12000,0,0,0,Yes,Yes,Yes,Yes,Yes,Yes,Yes,Yes,Yes,Yes,Yes,Yes,Yes,Yes,5,4,4,4,5,5
Waia/Kako,Male,50,Primary,30000,4,Yes,Indigenous chicken,4,5,5,5,5,5,5,5,4,4,4,5,4,4,4,2,4,4,2,5,20,15,2,6,4,400,1000,600,5000,12000,7000,0,0,0,Yes,Yes,Yes,Yes,Yes,Yes,Yes,Yes,Yes,Yes,Yes,Yes,Yes,Yes,5,4,4,4,4,4
Waia/Kako,Female,45,Certificate,35000,3,Yes,Indigenous chicken,4,4,4,4,4,4,4,4,4,4,5,5,4,5,5,2,4,4,2,6,36,30,3,8,5,350,1000,650,3000,14000,11000,0,0,0,Yes,Yes,Yes,Yes,Yes,Yes,Yes,Yes,Yes,Yes,Yes,Yes,Yes,Yes,5,4,4,4,4,4
Waia/Kako,Male,30,Diploma,40000,4,Yes,Indigenous chicken,4,4,4,4,5,4,5,5,4,4,4,4,4,4,4,2,4,4,2,3,17,14,4,6,2,400,1100,700,6000,10000,4000,0,0,0,Yes,Yes,Yes,No,Yes,Yes,Yes,Yes,Yes,Yes,Yes,Yes,Yes,Yes,5,4,4,4,4,4
Waia/Kako,Female,60,Primary,30000,3,Yes,Indigenous chicken,4,4,4,4,4,4,4,4,4,4,4,4,4,4,5,2,4,4,4,4,15,11,2,4,2,400,1000,600,3000,8000,5000,0,0,0,Yes,Yes,Yes,Yes,Yes,Yes,Yes,Yes,Yes,Yes,Yes,Yes,Yes,Yes,5,4,4,4,4,4
Waia/Kako,Female,52,Primary,20000,3,Yes,Indigenous chicken,4,4,4,4,4,4,4,5,4,4,4,4,4,4,4,2,4,5,2,4,8,4,2,5,3,450,1000,550,4000,9000,5000,0,0,0,Yes,Yes,Yes,Yes,Yes,Yes,Yes,Yes,Yes,Yes,Yes,Yes,Yes,Yes,4,4,4,4,4,4
Waia/Kako,Female,22,Secondary,5000,6,No,Indigenous chicken,1,5,5,4,4,5,5,3,5,5,4,4,5,5,4,4,5,5,4,9,26,17,3,5,2,250,600,350,1300,2500,1200,1,1,0,Yes,Yes,Yes,Yes,Yes,Yes,Yes,Yes,Yes,Yes,Yes,Yes,Yes,Yes,5,5,4,5,4,4
Waia/Kako,Male,46,Primary,40000,6,Yes,Indigenous chicken,6,5,4,5,4,5,4,5,5,5,4,5,4,4,5,4,5,5,4,18,45,27,2,3,1,150,400,250,1750,3500,1750,0,0,0,Yes,Yes,Yes,No,Yes,Yes,Yes,Yes,Yes,Yes,Yes,Yes,Yes,Yes,5,4,5,4,5,3
Waia/Kako,Female,42,Secondary,30000,6,Yes,Indigenous chicken,3,5,4,5,4,5,5,4,4,4,4,4,4,4,4,4,4,4,4,12,56,44,2,5,3,200,550,350,1800,5000,3200,0,0,0,Yes,Yes,Yes,Yes,Yes,Yes,Yes,Yes,Yes,Yes,Yes,Yes,Yes,Yes,4,4,4,4,4,4
Waia/Kako,Female,33,Diploma,2000,6,Yes,Indigenous chicken,2,4,4,4,4,4,4,4,4,4,4,4,4,4,4,4,4,4,4,12,100,88,2,4,2,180,500,320,1300,5500,4200,0,0,0,Yes,Yes,Yes,Yes,Yes,Yes,Yes,Yes,Yes,Yes,Yes,Yes,Yes,Yes,4,4,4,4,4,4
Waia/Kako,Male,38,Certificate,15000,6,No,Indigenous chicken,3,4,4,4,4,4,4,4,4,4,4,4,4,4,4,4,4,4,4,9,45,36,2,4,2,150,350,200,1800,5300,3500,0,0,0,Yes,Yes,Yes,Yes,Yes,Yes,Yes,Yes,Yes,Yes,Yes,Yes,Yes,Yes,4,4,4,4,4,4
Mtito Andei,Female,60,Primary,4000,4,Yes,Indigenous chicken,6,4,4,4,4,4,4,4,4,5,4,4,4,4,4,4,4,4,4,15,40,25,2,3,1,400,700,300,3000,20000,17000,0,0,0,Yes,Yes,Yes,Yes,Yes,Yes,Yes,Yes,Yes,Yes,Yes,Yes,Yes,Yes,4,4,4,4,4,4
Mtito Andei,Female,55,Primary,3000,6,Yes,Indigenous chicken,10,4,4,4,4,4,4,4,4,4,4,4,4,4,4,4,4,4,4,5,26,21,1,3,2,300,700,400,2500,20000,17500,0,0,0,Yes,Yes,Yes,Yes,Yes,Yes,Yes,Yes,Yes,Yes,Yes,Yes,Yes,Yes,4,4,4,4,4,4
Mtito Andei,Male,34,Degree,30000,5,Yes,Indigenous chicken,6,4,4,4,4,4,4,4,4,4,4,4,4,4,4,4,4,4,4,25,70,45,2,3,1,350,670,320,3500,12000,8500,0,1,1,Yes,Yes,Yes,Yes,Yes,Yes,Yes,Yes,Yes,Yes,Yes,Yes,Yes,Yes,4,4,5,4,5,5
Mtito Andei,Male,65,Secondary,6000,6,Yes,Indigenous chicken,15,4,4,4,4,4,4,4,4,4,4,4,5,4,4,4,4,4,4,25,100,75,2,4,2,300,650,350,4500,18000,13500,0,1,1,Yes,Yes,Yes,Yes,Yes,Yes,Yes,Yes,Yes,Yes,Yes,Yes,Yes,Yes,5,4,4,4,4,4
Mtito Andei,Female,55,Certificate,6000,5,Yes,Indigenous chicken,20,4,4,4,4,4,4,4,4,4,4,4,4,4,4,4,4,4,4,25,46,21,1,3,2,350,700,350,3500,25000,21500,0,0,0,Yes,Yes,Yes,Yes,Yes,Yes,Yes,Yes,Yes,Yes,Yes,Yes,Yes,Yes,5,5,4,4,4,4
Mtito Andei,Male,60,Secondary,3000,4,Yes,Indigenous chicken,14,4,4,4,4,4,4,4,4,4,4,4,4,4,4,5,5,4,4,10,30,20,2,3,1,250,600,350,4000,15000,11000,0,0,0,Yes,Yes,Yes,Yes,Yes,Yes,Yes,Yes,Yes,Yes,Yes,Yes,Yes,Yes,5,5,5,5,5,4
Mtito Andei,Female,34,Secondary,6000,1,No,Indigenous chicken,10,5,5,4,4,4,5,4,5,5,4,4,5,4,5,5,5,5,4,6,25,19,2,3,1,300,600,300,3000,10000,7000,0,0,0,Yes,Yes,Yes,Yes,Yes,Yes,Yes,Yes,Yes,Yes,Yes,Yes,Yes,Yes,4,4,4,4,4,5
Mtito Andei,Female,65,Secondary,6000,6,Yes,Indigenous chicken,25,4,4,4,4,4,4,4,4,4,4,4,5,4,4,4,4,4,4,10,20,10,1,2,1,250,500,250,3000,12000,9000,0,0,0,Yes,Yes,Yes,Yes,Yes,Yes,Yes,Yes,Yes,Yes,Yes,Yes,Yes,Yes,4,4,4,4,4,4
Mtito Andei,Female,32,Secondary,3000,1,No,Indigenous chicken,5,4,4,4,4,4,4,4,4,4,4,4,4,4,4,4,4,4,4,5,20,15,1,2,1,300,700,400,3500,6000,2500,0,0,0,Yes,Yes,Yes,Yes,Yes,Yes,Yes,Yes,Yes,Yes,Yes,Yes,Yes,Yes,5,5,5,5,5,5
Mtito Andei,Male,62,Secondary,5000,6,Yes,Indigenous chicken,30,5,5,5,5,5,5,5,5,5,5,5,4,4,4,4,4,5,5,15,30,15,1,2,1,400,600,200,4000,12000,8000,0,0,0,Yes,Yes,Yes,Yes,Yes,Yes,Yes,Yes,Yes,Yes,Yes,Yes,Yes,Yes,4,4,4,4,5,5
Mtito Andei,Male,30,Secondary,3000,1,No,Indigenous chicken,3,5,5,4,5,4,4,5,5,5,5,5,5,5,5,5,5,5,5,5,15,10,1,2,1,250,600,350,3000,5500,2500,0,0,0,Yes,Yes,Yes,Yes,Yes,Yes,Yes,Yes,Yes,Yes,Yes,Yes,Yes,Yes,5,5,5,5,5,5
Mtito Andei,Female,58,Secondary,6000,6,Yes,Indigenous chicken,20,5,5,5,5,5,4,5,4,4,4,4,4,4,4,4,4,5,5,10,20,10,1,2,1,300,700,400,4500,8000,3500,0,0,0,Yes,Yes,Yes,Yes,Yes,Yes,Yes,Yes,Yes,Yes,Yes,Yes,Yes,Yes,5,5,5,5,5,5
Mtito Andei,Male,54,Secondary,6000,6,Yes,Indigenous chicken,5,5,5,4,5,5,5,5,5,5,5,5,5,5,5,5,5,5,5,10,25,15,1,2,1,250,800,550,5000,15000,10000,0,0,0,Yes,Yes,Yes,Yes,Yes,Yes,Yes,Yes,Yes,Yes,Yes,Yes,Yes,Yes,5,5,5,4,4,4
Mtito Andei,Female,48,Primary,3000,6,No,Indigenous chicken,20,4,4,4,4,4,5,5,5,5,5,5,5,5,5,2,5,5,5,20,30,10,1,2,1,300,900,600,5000,20000,15000,0,0,0,Yes,Yes,Yes,Yes,Yes,Yes,Yes,Yes,Yes,Yes,Yes,Yes,Yes,Yes,5,5,5,5,5,5
Mtito Andei,Female,60,Primary,2000,6,No,Indigenous chicken,25,3,5,5,5,5,5,5,5,5,5,5,5,5,5,3,5,3,5,30,40,10,1,2,1,300,900,600,4500,9000,4500,0,0,0,Yes,Yes,Yes,Yes,Yes,Yes,Yes,Yes,Yes,Yes,Yes,Yes,Yes,Yes,5,5,5,5,5,5
Mtito Andei,Female,60,Primary,6000,5,No,Indigenous chicken,3,5,5,5,5,5,5,5,5,5,5,5,5,5,5,3,5,3,5,20,15,-5,1,2,1,800,800,0,3000,6000,3000,0,0,0,Yes,Yes,Yes,Yes,Yes,Yes,Yes,Yes,Yes,Yes,Yes,Yes,Yes,Yes,5,5,5,5,5,5
Mtito Andei,Female,64,Primary,3000,6,No,Indigenous chicken,5,5,5,5,5,5,5,5,5,5,5,5,5,5,5,2,5,5,5,0,29,29,1,2,1,300,1000,700,6000,20000,14000,0,0,0,Yes,Yes,Yes,Yes,Yes,Yes,Yes,Yes,Yes,Yes,Yes,Yes,Yes,Yes,5,5,5,5,5,5
Mtito Andei,Female,56,Primary,5000,2,No,Indigenous chicken,50,5,5,5,5,5,5,5,5,5,5,5,5,5,5,3,5,4,5,20,40,20,1,2,1,350,900,550,10000,20000,10000,0,0,0,Yes,Yes,Yes,Yes,Yes,Yes,Yes,Yes,Yes,Yes,Yes,Yes,Yes,Yes,5,5,5,5,5,5
Mtito Andei,Female,54,Secondary,5000,4,No,Indigenous chicken,15,5,5,5,5,5,5,5,5,5,5,5,5,5,5,5,5,5,5,10,25,15,1,2,1,350,850,500,4000,12000,8000,0,0,0,Yes,Yes,Yes,Yes,Yes,Yes,Yes,Yes,Yes,Yes,Yes,Yes,Yes,Yes,4,4,4,5,5,5
Mtito Andei,Female,49,Secondary,4500,4,No,Indigenous chicken,10,4,4,4,4,4,4,4,4,4,4,5,5,4,4,5,5,5,5,12,20,8,1,2,1,400,900,500,4500,10000,5500,0,0,0,Yes,Yes,Yes,Yes,Yes,Yes,Yes,Yes,Yes,Yes,Yes,Yes,Yes,Yes,5,5,4,5,5,5
Mtito Andei,Female,35,Secondary,4000,1,No,Indigenous chicken,3,5,5,5,5,5,5,5,5,5,5,5,5,5,5,5,5,4,4,10,20,10,1,2,1,350,800,450,5000,12000,7000,0,0,0,Yes,Yes,Yes,Yes,Yes,Yes,Yes,Yes,Yes,Yes,Yes,Yes,Yes,Yes,5,5,4,4,5,5
Mtito Andei,Female,50,Primary,6000,5,Yes,Indigenous chicken,15,5,5,5,5,5,5,5,5,5,5,5,5,5,5,5,5,5,5,10,25,15,1,2,1,250,750,500,4500,7000,2500,0,0,0,Yes,Yes,Yes,Yes,Yes,Yes,Yes,Yes,Yes,Yes,Yes,Yes,Yes,Yes,5,4,4,5,5,5
Mtito Andei,Female,48,Secondary,3000,6,Yes,Indigenous chicken,5,5,5,4,4,4,5,5,4,5,5,5,5,5,5,4,5,4,4,12,25,13,1,2,1,450,900,450,5000,10000,5000,0,0,0,Yes,Yes,Yes,Yes,Yes,Yes,Yes,Yes,Yes,Yes,Yes,Yes,Yes,Yes,4,4,4,4,5,4
Mtito Andei,Female,65,Secondary,5000,5,No,Indigenous chicken,4,5,5,4,5,4,5,5,5,5,4,5,5,5,5,5,4,4,5,12,25,13,1,2,1,350,900,550,5000,13000,8000,0,0,0,Yes,Yes,Yes,Yes,Yes,Yes,Yes,Yes,Yes,Yes,Yes,Yes,Yes,Yes,5,5,4,5,5,5
Mtito Andei,Female,65,Secondary,5000,6,Yes,Indigenous chicken,6,5,5,5,5,5,4,4,4,4,4,4,4,4,4,5,4,4,4,15,24,9,1,2,1,400,860,460,6000,15000,9000,0,0,0,Yes,Yes,Yes,Yes,Yes,Yes,Yes,Yes,Yes,Yes,Yes,Yes,Yes,Yes,4,4,4,4,4,4
Mtito Andei,Male,70,Secondary,4500,6,Yes,Indigenous chicken,10,5,5,5,5,5,5,5,5,5,5,5,5,5,5,5,5,5,5,15,25,10,1,2,1,400,850,450,6000,15000,9000,0,0,0,Yes,Yes,Yes,Yes,Yes,Yes,Yes,Yes,Yes,Yes,Yes,Yes,Yes,Yes,5,5,5,5,5,5
Mtito Andei,Male,28,Secondary,3000,1,No,Indigenous chicken,5,5,4,4,4,4,4,4,4,4,4,5,5,5,5,5,5,5,5,0,25,25,0,2,2,0,900,900,0,12000,12000,0,0,0,Yes,Yes,Yes,Yes,Yes,Yes,Yes,Yes,Yes,Yes,Yes,Yes,Yes,Yes,5,5,5,5,5,5
Mtito Andei,Male,44,Certificate,6000,5,Yes,Indigenous chicken,10,5,5,5,5,5,5,5,5,5,5,4,4,5,5,5,5,5,5,15,35,20,1,2,1,350,800,450,6000,12000,6000,0,0,0,Yes,Yes,Yes,Yes,Yes,Yes,Yes,Yes,Yes,Yes,Yes,Yes,Yes,Yes,5,5,5,5,5,4
Mtito Andei,Female,32,Secondary,4500,5,No,Indigenous chicken,8,5,5,4,4,4,4,4,4,4,4,4,4,4,4,4,4,4,4,10,30,20,1,2,1,400,1000,600,5000,12000,7000,0,0,0,Yes,Yes,Yes,Yes,Yes,Yes,Yes,Yes,Yes,Yes,Yes,Yes,Yes,Yes,5,4,4,4,5,5
Mtito Andei,Female,28,Secondary,4000,4,Yes,Indigenous chicken,5,5,5,4,4,4,5,5,5,4,5,5,5,5,5,5,5,5,4,8,37,29,1,2,1,350,900,550,6000,16000,10000,0,0,0,Yes,Yes,Yes,Yes,Yes,Yes,Yes,Yes,Yes,Yes,Yes,Yes,Yes,Yes,5,4,4,4,5,4
Mtito Andei,Female,40,Secondary,7000,6,No,Indigenous chicken,5,4,4,4,4,4,5,5,5,5,5,5,5,5,5,5,5,5,5,12,36,24,1,2,1,350,1000,650,6000,12000,6000,0,0,0,Yes,Yes,Yes,Yes,Yes,Yes,Yes,Yes,Yes,Yes,Yes,Yes,Yes,Yes,5,5,5,5,5,5
Mtito Andei,Male,30,Secondary,5000,5,No,Indigenous chicken,2,5,5,5,5,5,5,5,5,5,5,5,5,5,4,4,5,5,5,12,35,23,1,2,1,500,1000,500,6000,10000,4000,0,0,0,Yes,Yes,Yes,Yes,Yes,Yes,Yes,Yes,Yes,Yes,Yes,Yes,Yes,Yes,5,4,4,4,4,4
Mtito Andei,Female,50,Primary,3000,6,Yes,Indigenous chicken,5,5,4,4,5,5,4,5,5,4,4,4,4,4,4,5,5,5,5,10,36,26,1,2,1,300,900,600,6000,12000,6000,0,0,0,Yes,Yes,Yes,Yes,Yes,Yes,Yes,Yes,Yes,Yes,Yes,Yes,Yes,Yes,5,5,5,5,5,5
Mtito Andei,Male,46,Secondary,5500,5,Yes,Indigenous chicken,5,5,5,5,5,5,5,5,5,5,5,5,5,5,5,5,5,5,5,12,38,26,1,2,1,250,800,550,8000,16000,8000,0,0,0,Yes,Yes,Yes,Yes,Yes,Yes,Yes,Yes,Yes,Yes,Yes,Yes,Yes,Yes,5,5,5,5,5,5
Mtito Andei,Female,74,Primary,5000,5,Yes,Indigenous chicken,10,5,5,5,5,5,5,5,5,5,5,5,5,5,5,5,5,5,5,10,25,15,1,2,1,300,1000,700,6000,15000,9000,0,0,0,Yes,Yes,Yes,Yes,Yes,Yes,Yes,Yes,Yes,Yes,Yes,Yes,Yes,Yes,5,5,5,5,5,5
Mtito Andei,Male,34,Secondary,6000,5,Yes,Indigenous chicken,3,5,4,4,4,4,4,4,4,4,4,4,4,4,4,4,4,4,4,10,40,30,1,2,1,250,1000,750,12000,17000,5000,0,0,0,Yes,Yes,Yes,Yes,Yes,Yes,Yes,Yes,Yes,Yes,Yes,Yes,Yes,Yes,5,5,5,5,5,5
Mtito Andei,Female,82,Primary,4500,6,No,Indigenous chicken,15,5,4,4,4,4,4,4,4,4,4,4,4,4,4,4,4,4,4,15,30,15,1,2,1,250,900,650,6000,19000,13000,0,0,0,Yes,Yes,Yes,Yes,Yes,Yes,Yes,Yes,Yes,Yes,Yes,Yes,Yes,Yes,5,5,5,4,5,5
Mtito Andei,Female,71,Primary,3000,6,No,Indigenous chicken,16,5,5,5,5,5,5,5,5,5,4,4,5,4,4,4,4,4,4,12,26,14,1,30,29,300,1000,700,6000,18000,12000,0,0,0,Yes,Yes,Yes,Yes,Yes,Yes,Yes,Yes,Yes,Yes,Yes,Yes,Yes,Yes,5,5,5,5,5,5
Mtito Andei,Male,25,Secondary,3000,4,No,Indigenous chicken,3,5,5,4,4,4,4,4,4,4,4,4,4,4,4,4,5,4,4,7,20,13,1,2,1,250,900,650,6000,12000,6000,0,0,0,Yes,Yes,Yes,Yes,Yes,Yes,Yes,Yes,Yes,Yes,Yes,Yes,Yes,Yes,5,4,4,4,4,4
Mtito Andei,Female,23,Primary,7500,6,No,Indigenous chicken,3,3,4,4,4,4,4,4,4,5,4,4,4,4,4,2,4,2,4,10,30,20,2,3,1,300,600,300,2500,5500,3000,0,0,0,Yes,Yes,Yes,Yes,Yes,Yes,Yes,Yes,Yes,Yes,Yes,Yes,Yes,Yes,4,4,4,4,4,4
Mtito Andei,Female,67,Primary,10000,6,No,Indigenous chicken,20,3,4,4,5,4,4,4,4,5,4,4,4,4,4,2,4,2,4,52,100,48,2,3,1,300,600,300,2800,6000,3200,0,1,1,Yes,Yes,Yes,Yes,Yes,Yes,Yes,Yes,Yes,Yes,Yes,Yes,Yes,Yes,4,4,4,4,4,4
Mtito Andei,Female,26,Secondary,18000,2,Yes,Indigenous chicken,4,3,4,4,4,4,4,4,4,5,4,4,4,4,4,2,4,2,3,15,57,42,2,4,2,350,800,450,5000,15000,10000,0,0,0,Yes,Yes,Yes,Yes,Yes,Yes,Yes,Yes,Yes,Yes,Yes,Yes,Yes,Yes,4,4,4,4,4,4
Mtito Andei,Female,24,Secondary,9000,4,No,Indigenous chicken,3,4,4,4,4,4,4,4,4,5,4,4,4,4,4,2,4,3,3,10,45,35,2,4,2,350,700,350,5000,8000,3000,0,0,0,Yes,Yes,Yes,Yes,Yes,Yes,Yes,Yes,Yes,Yes,Yes,Yes,Yes,Yes,4,4,4,4,4,4
Mtito Andei,Female,29,Secondary,10000,5,No,Indigenous chicken,4,3,4,4,4,4,4,4,4,4,4,4,4,4,4,2,4,2,4,25,60,35,2,4,2,300,700,400,6500,9000,2500,0,1,1,Yes,Yes,Yes,Yes,Yes,Yes,Yes,Yes,Yes,Yes,Yes,Yes,Yes,Yes,4,4,4,4,4,4
Mtito Andei,Female,28,Secondary,15000,4,No,Indigenous chicken,4,3,4,4,4,4,4,4,4,5,4,4,4,4,4,2,4,3,3,11,62,51,2,4,2,350,800,450,2600,14000,11400,0,1,1,Yes,Yes,Yes,Yes,Yes,Yes,Yes,Yes,Yes,Yes,Yes,Yes,Yes,Yes,4,4,4,4,4,4
Mtito Andei,Female,62,Secondary,15000,4,Yes,Indigenous chicken,15,3,4,4,4,4,4,4,4,4,4,4,4,4,4,2,4,2,4,15,90,75,2,4,2,300,700,400,2500,12000,9500,0,1,1,Yes,Yes,Yes,Yes,Yes,Yes,Yes,Yes,Yes,Yes,Yes,Yes,Yes,Yes,4,4,4,4,4,4
Mtito Andei,Female,85,Primary,16000,6,No,Indigenous chicken,18,3,4,4,4,4,4,4,4,5,4,4,4,4,4,2,4,2,4,20,90,70,2,3,1,300,500,200,4000,11000,7000,0,0,0,Yes,Yes,Yes,Yes,Yes,Yes,Yes,Yes,Yes,Yes,Yes,Yes,Yes,Yes,4,4,4,4,4,4
Mtito Andei,Female,54,Primary,14000,6,Yes,Indigenous chicken,15,3,4,5,4,4,4,4,4,5,4,4,4,4,4,2,4,3,4,15,200,185,2,4,2,300,700,400,3000,12000,9000,0,1,1,Yes,Yes,Yes,Yes,Yes,Yes,Yes,Yes,Yes,Yes,Yes,Yes,Yes,Yes,4,4,4,4,4,4
Mtito Andei,Female,60,Primary,16000,6,Yes,Indigenous chicken,20,3,4,4,4,4,4,4,4,4,4,4,4,4,4,2,4,3,4,30,92,62,2,4,2,300,700,400,4000,12000,8000,0,1,1,Yes,Yes,Yes,Yes,Yes,Yes,Yes,Yes,Yes,Yes,Yes,Yes,Yes,Yes,4,4,4,4,4,4
Mtito Andei,Female,62,Primary,4500,5,No,Indigenous chicken,6,5,5,5,5,5,5,5,5,5,5,5,5,5,5,5,5,5,5,12,26,14,1,2,1,300,900,600,5000,12000,7000,0,0,0,Yes,Yes,Yes,Yes,Yes,Yes,Yes,Yes,Yes,Yes,Yes,Yes,Yes,Yes,5,5,5,5,5,5
Mtito Andei,Female,49,Primary,8000,6,Yes,Indigenous chicken,11,3,4,4,4,4,4,4,4,4,4,4,4,4,4,2,4,2,4,10,68,58,2,3,1,300,700,400,5000,28000,23000,0,1,1,Yes,Yes,Yes,Yes,Yes,Yes,Yes,Yes,Yes,Yes,Yes,Yes,Yes,Yes,4,4,4,4,4,4
