ward,gender,age,education,monthly_income,household_size,family_head,value_chain,vc_experience,project_skepticism,adequate_consultation,project_acceptance,satisfactory_training,project_success_optimism,project_benefits,sustainable_skills,sustainable_technology,project_understanding,vc_understanding,vc_agriculture_practices_awareness,vc_technology_awareness,vc_product_marketing_understanding,practice_mixed_farming,practice_large_scale_farming,use_extension_services,use_credit_farming,full_time_farming,acreage_before,acreage_after,acreage_change,yield_before,yield_after,yield_change,price_before,price_after,price_change,annual_income_before,annual_income_after,annual_income_change,jobs_created_before,jobs_created_after,jobs_created_change,trained_certified_seed,adopted_certified_seed,trained_improved_varieties,adopted_improved_varieties,trained_pest_management,adopted_pest_management,trained_agronomic_practices,adopted_agronomic_practices,trained_soil_fertility,adopted_soil_fertility,trained_soil_moisture,adopted_soil_moisture,trained_post_harvest,adopted_post_harvest,trained_value_addition,adopted_value_addition,trees_per_acre_before,trees_per_acre_after,trees_per_acre_change,total_trees_before,total_trees_after,total_trees_change,production_per_tree_before,production_per_tree_after,production_per_tree_change,average_flock_size_before,average_flock_size_after,average_flock_size_change,annual_production_cycles_before,annual_production_cycles_after,annual_production_cycles_change,trained_poultry_housing,adopted_poultry_housing,trained_feeds_production,adopted_feeds_production,trained_feeds_management,adopted_feeds_management,trained_hatchery_management,adopted_hatchery_management,trained_vaccination,adopted_vaccination,trained_hygiene_management,adopted_hygiene_management,enterprise_profitability_increase,farm_productivity_increase,timely_implementation,new_income_streams,job_creation_increase,project_inclusivity
Tulimani,Male,64,Secondary,30000,3,Yes,Tomato,40,5,5,5,5,5,5,5,5,5,5,5,5,4,5,4,5,5,5,1.0,2.0,1.0,800.0,2000.0,1200.0,10,30,20,8000,60000,52000,2,5,3,Yes,Yes,Yes,Yes,Yes,Yes,Yes,Yes,Yes,Yes,Yes,Yes,Yes,Yes,Yes,Yes,,,,,,,,,,,,,,,,,,,,,,,,,,,,5,5,4,5,5,5
Tulimani,Male,67,Secondary,20000,4,Yes,Tomato,20,5,5,5,5,5,5,5,5,5,5,5,5,5,5,4,5,5,5,1.0,1.0,0.0,160.0,250.0,90.0,40,50,10,30000,7000,-23000,3,2,-1,Yes,Yes,Yes,Yes,Yes,Yes,Yes,Yes,Yes,Yes,Yes,Yes,Yes,Yes,Yes,Yes,,,,,,,,,,,,,,,,,,,,,,,,,,,,5,5,5,5,5,5
Tulimani,Female,33,Primary,5000,3,No,Tomato,5,5,5,5,5,5,5,5,5,5,5,5,5,5,5,4,5,5,5,1.0,2.0,1.0,30.0,80.0,50.0,10,25,15,300,1740,1440,1,2,1,Yes,Yes,Yes,Yes,Yes,Yes,Yes,Yes,Yes,Yes,Yes,Yes,Yes,Yes,Yes,Yes,,,,,,,,,,,,,,,,,,,,,,,,,,,,5,5,5,5,5,5
Tulimani,Female,73,Primary,800,6,No,Tomato,2,5,5,5,5,5,5,5,5,5,5,5,5,5,5,4,5,5,5,1.0,2.0,1.0,20.0,80.0,60.0,10,25,15,5000,15000,10000,2,2,0,Yes,Yes,Yes,Yes,Yes,Yes,Yes,Yes,Yes,Yes,Yes,Yes,Yes,Yes,Yes,Yes,,,,,,,,,,,,,,,,,,,,,,,,,,,,5,5,4,5,5,5
Tulimani,Male,71,Secondary,10000,5,Yes,Tomato,5,5,5,5,5,5,5,5,5,5,5,5,5,5,5,5,5,5,5,1.0,1.0,0.0,250.0,400.0,150.0,10,20,10,2500,8000,5500,2,2,0,Yes,Yes,Yes,Yes,Yes,Yes,Yes,Yes,Yes,Yes,Yes,Yes,Yes,Yes,Yes,Yes,,,,,,,,,,,,,,,,,,,,,,,,,,,,5,5,5,5,5,5
Tulimani,Female,50,Primary,20000,6,No,Tomato,5,5,5,5,5,5,5,5,5,5,5,5,5,5,5,5,5,5,5,1.0,1.0,0.0,400.0,800.0,400.0,20,60,40,8000,48000,40000,3,3,0,Yes,Yes,Yes,Yes,Yes,Yes,Yes,Yes,Yes,Yes,Yes,Yes,Yes,Yes,Yes,Yes,,,,,,,,,,,,,,,,,,,,,,,,,,,,5,5,5,5,5,5
Tulimani,Female,50,Secondary,3000,6,Yes,Tomato,5,5,5,5,5,5,5,5,5,5,5,5,5,5,5,4,5,5,5,1.0,1.0,0.0,200.0,800.0,600.0,10,30,20,4000,24000,20000,1,2,1,Yes,Yes,Yes,Yes,Yes,Yes,Yes,Yes,Yes,Yes,Yes,Yes,Yes,Yes,Yes,Yes,,,,,,,,,,,,,,,,,,,,,,,,,,,,5,5,5,5,5,5
Tulimani,Female,63,Secondary,1000,1,No,Tomato,5,5,5,5,5,5,5,5,5,5,5,5,5,5,3,3,5,2,5,1.0,1.0,0.0,36.0,144.0,108.0,20,30,10,720,4320,3600,1,2,1,Yes,Yes,Yes,No,Yes,Yes,Yes,Yes,Yes,Yes,Yes,Yes,Yes,Yes,Yes,Yes,,,,,,,,,,,,,,,,,,,,,,,,,,,,5,5,3,5,5,5
Tulimani,Male,70,Primary,500,5,Yes,Tomato,5,5,5,5,5,5,5,5,5,5,5,5,5,5,5,5,5,5,5,1.0,1.0,0.0,200.0,800.0,600.0,15,25,10,6000,40000,34000,1,2,1,Yes,Yes,Yes,Yes,Yes,Yes,Yes,Yes,Yes,Yes,Yes,Yes,Yes,Yes,Yes,Yes,,,,,,,,,,,,,,,,,,,,,,,,,,,,5,5,5,5,5,5
Tulimani,Male,54,Primary,7000,6,Yes,Tomato,5,5,5,5,5,5,5,5,5,5,5,5,5,5,5,4,5,5,5,1.0,1.0,0.0,120.0,320.0,200.0,30,50,20,7200,14000,6800,1,2,1,Yes,Yes,Yes,Yes,Yes,Yes,Yes,Yes,Yes,Yes,Yes,Yes,Yes,Yes,Yes,Yes,,,,,,,,,,,,,,,,,,,,,,,,,,,,5,5,5,5,5,5
Thange,Female,49,Secondary,2000,4,Yes,Tomato,1,4,4,4,4,4,5,3,4,4,4,4,4,4,5,2,4,3,4,0.0,1.0,1.0,0.0,1000.0,1000.0,0,30,30,0,30000,30000,0,5,5,Yes,Yes,Yes,Yes,Yes,Yes,Yes,Yes,Yes,Yes,Yes,No,Yes,Yes,Yes,Yes,,,,,,,,,,,,,,,,,,,,,,,,,,,,4,4,4,4,4,4
Thange,Female,43,Certificate,5000,3,No,Tomato,5,4,4,4,4,4,4,4,3,4,5,4,4,4,4,2,4,4,2,1.0,2.0,1.0,1200.0,1500.0,300.0,30,50,20,36000,50000,14000,1,1,0,Yes,Yes,Yes,Yes,Yes,Yes,Yes,Yes,Yes,Yes,Yes,Yes,Yes,Yes,Yes,No,,,,,,,,,,,,,,,,,,,,,,,,,,,,4,5,4,4,4,4
Thange,Female,39,Primary,10000,5,Yes,Tomato,1,4,4,4,4,4,4,4,4,4,4,4,4,4,4,2,4,4,4,0.0,1.0,1.0,0.0,1000.0,1000.0,0,30,30,0,30000,30000,0,5,5,Yes,Yes,Yes,Yes,Yes,Yes,Yes,Yes,Yes,Yes,Yes,Yes,Yes,Yes,Yes,Yes,,,,,,,,,,,,,,,,,,,,,,,,,,,,4,4,2,4,4,4
Thange,Female,49,Primary,1000,5,Yes,Tomato,15,4,4,4,4,4,4,4,3,4,4,4,4,4,4,3,4,4,5,1.0,2.0,1.0,120.0,1000.0,880.0,20,40,20,2000,30000,28000,1,5,4,Yes,Yes,Yes,Yes,Yes,Yes,Yes,Yes,Yes,Yes,Yes,Yes,Yes,Yes,Yes,Yes,,,,,,,,,,,,,,,,,,,,,,,,,,,,4,5,4,4,4,4
Thange,Female,32,Primary,1500,6,Yes,Tomato,3,4,4,4,4,4,4,4,4,4,4,4,4,4,4,2,4,3,4,1.0,2.0,1.0,50.0,1000.0,950.0,30,50,20,1000,45000,44000,1,5,4,Yes,Yes,Yes,Yes,Yes,Yes,Yes,Yes,Yes,Yes,Yes,Yes,Yes,Yes,Yes,Yes,,,,,,,,,,,,,,,,,,,,,,,,,,,,5,5,4,4,4,4
Thange,Female,33,Secondary,1000,4,Yes,Tomato,1,5,5,4,5,4,5,4,5,4,4,4,5,4,4,2,4,4,4,0.0,1.0,1.0,0.0,1000.0,1000.0,0,40,40,0,40000,40000,0,5,5,Yes,Yes,Yes,Yes,Yes,Yes,Yes,Yes,Yes,Yes,Yes,Yes,Yes,Yes,Yes,Yes,,,,,,,,,,,,,,,,,,,,,,,,,,,,3,3,4,5,5,4
Thange,Female,60,Secondary,5000,2,Yes,Tomato,3,4,4,4,4,4,4,4,3,4,5,5,4,5,4,2,4,3,5,0.0,1.0,1.0,20.0,1000.0,980.0,40,40,0,500,30000,29500,1,5,4,Yes,Yes,Yes,Yes,Yes,Yes,Yes,Yes,Yes,Yes,Yes,Yes,Yes,Yes,Yes,Yes,,,,,,,,,,,,,,,,,,,,,,,,,,,,4,5,4,5,4,4
Thange,Female,38,Secondary,1000,3,No,Tomato,1,4,4,5,4,5,5,5,4,5,4,5,4,5,4,2,4,4,5,0.0,1.0,1.0,0.0,1000.0,1000.0,0,40,40,0,30000,30000,0,5,5,Yes,Yes,Yes,Yes,Yes,Yes,Yes,Yes,Yes,Yes,Yes,Yes,Yes,Yes,Yes,Yes,,,,,,,,,,,,,,,,,,,,,,,,,,,,3,3,4,5,4,4
Thange,Female,28,Certificate,5000,2,No,Tomato,2,5,4,4,5,4,5,4,5,4,5,4,5,4,1,1,5,4,1,0.0,1.0,1.0,0.0,1000.0,1000.0,0,40,40,0,30000,30000,0,5,5,Yes,Yes,Yes,Yes,Yes,Yes,Yes,Yes,Yes,Yes,Yes,Yes,Yes,Yes,Yes,Yes,,,,,,,,,,,,,,,,,,,,,,,,,,,,3,3,4,5,5,4
Thange,Female,53,Primary,1000,6,No,Tomato,10,4,5,4,4,4,4,4,3,4,4,4,4,4,4,4,4,4,5,1.0,1.0,0.0,300.0,900.0,600.0,10,50,40,2500,40000,37500,2,6,4,Yes,Yes,Yes,No,Yes,Yes,Yes,Yes,Yes,Yes,Yes,Yes,Yes,Yes,Yes,Yes,,,,,,,,,,,,,,,,,,,,,,,,,,,,4,4,4,4,4,4
Thange,Female,52,Primary,5000,1,Yes,Tomato,3,4,5,4,5,4,5,4,4,4,4,4,4,4,4,1,4,4,3,0.0,1.0,1.0,0.0,300.0,300.0,0,50,50,0,10000,10000,0,6,6,Yes,Yes,Yes,Yes,Yes,Yes,Yes,Yes,Yes,Yes,Yes,Yes,Yes,Yes,Yes,Yes,,,,,,,,,,,,,,,,,,,,,,,,,,,,3,3,4,4,4,4
Thange,Male,38,Primary,30000,4,Yes,Tomato,13,4,4,4,4,4,5,3,3,4,5,5,4,4,4,5,3,5,5,5.0,1.0,-4.0,6000.0,1000.0,-5000.0,50,100,50,250000,80000,-170000,2,3,1,Yes,Yes,Yes,Yes,Yes,Yes,Yes,Yes,Yes,Yes,Yes,Yes,Yes,Yes,Yes,Yes,,,,,,,,,,,,,,,,,,,,,,,,,,,,3,4,5,4,5,5
Thange,Female,45,Secondary,5000,3,No,Tomato,1,4,4,4,4,4,4,4,3,4,4,4,3,4,4,4,4,4,4,0.0,1.0,1.0,0.0,1000.0,1000.0,0,40,40,0,10000,10000,0,5,5,Yes,Yes,Yes,Yes,Yes,Yes,Yes,Yes,Yes,Yes,Yes,Yes,Yes,Yes,Yes,No,,,,,,,,,,,,,,,,,,,,,,,,,,,,3,3,4,5,4,4
Thange,Male,56,Secondary,3000,4,Yes,Tomato,4,4,4,4,4,4,5,4,3,4,4,5,4,5,4,4,4,4,5,1.0,2.0,1.0,1500.0,1500.0,0.0,40,100,60,250000,300000,50000,4,2,-2,Yes,Yes,Yes,Yes,Yes,Yes,Yes,Yes,Yes,Yes,Yes,Yes,Yes,Yes,Yes,Yes,,,,,,,,,,,,,,,,,,,,,,,,,,,,4,4,4,4,4,4
Thange,Female,45,Secondary,300,4,Yes,Tomato,2,4,4,4,4,4,5,4,3,4,4,4,3,4,4,2,4,4,4,1.0,1.0,0.0,10.0,300.0,290.0,0,80,80,0,3000,3000,1,10,9,Yes,Yes,Yes,Yes,Yes,Yes,Yes,Yes,Yes,Yes,Yes,Yes,Yes,Yes,Yes,Yes,,,,,,,,,,,,,,,,,,,,,,,,,,,,4,4,4,4,4,4
Thange,Male,69,Primary,1000,6,Yes,Tomato,4,4,4,4,4,4,4,4,3,4,4,4,3,4,4,4,4,4,5,1.0,1.0,0.0,90.0,400.0,310.0,40,60,20,3000,10000,7000,2,5,3,Yes,No,Yes,No,Yes,Yes,Yes,Yes,Yes,Yes,Yes,Yes,Yes,Yes,Yes,Yes,,,,,,,,,,,,,,,,,,,,,,,,,,,,4,4,4,4,4,4
Thange,Male,70,Primary,15000,4,Yes,Tomato,2,4,4,4,4,4,5,4,3,4,4,4,2,4,4,4,4,3,4,1.0,2.0,1.0,120.0,180.0,60.0,60,80,20,5000,9000,4000,2,3,1,Yes,Yes,Yes,Yes,Yes,Yes,Yes,Yes,Yes,Yes,Yes,Yes,Yes,Yes,Yes,Yes,,,,,,,,,,,,,,,,,,,,,,,,,,,,4,4,4,4,4,5
Thange,Male,75,Primary,3000,6,Yes,Tomato,26,4,4,4,4,5,5,4,4,5,4,4,2,4,4,4,4,4,4,1.0,2.0,1.0,200.0,350.0,150.0,70,100,30,30000,45000,15000,2,5,3,Yes,Yes,Yes,Yes,Yes,Yes,Yes,Yes,Yes,Yes,Yes,Yes,Yes,Yes,Yes,Yes,,,,,,,,,,,,,,,,,,,,,,,,,,,,4,5,3,4,4,5
Mtito Andei,Female,76,Certificate,10000,6,Yes,Tomato,6,3,4,4,4,4,5,4,4,4,4,4,4,4,4,2,4,2,4,0.0,1.0,1.0,100.0,180.0,80.0,25,60,35,2800,6000,3200,0,1,1,Yes,Yes,Yes,Yes,Yes,Yes,Yes,Yes,Yes,Yes,Yes,Yes,Yes,Yes,Yes,Yes,,,,,,,,,,,,,,,,,,,,,,,,,,,,4,4,4,4,5,4
Mtito Andei,Male,40,Secondary,4000,4,Yes,Tomato,8,5,5,5,5,5,5,5,5,5,5,5,5,5,5,5,5,5,5,1.0,1.0,0.0,2000.0,3000.0,1000.0,30,50,20,9000,15000,6000,1,2,1,Yes,Yes,Yes,Yes,Yes,Yes,Yes,Yes,Yes,Yes,Yes,Yes,Yes,Yes,Yes,Yes,,,,,,,,,,,,,,,,,,,,,,,,,,,,5,5,5,5,5,5
Mtito Andei,Female,52,Primary,2000,5,No,Tomato,9,5,5,5,5,5,5,5,5,5,5,5,5,5,5,5,5,5,5,1.0,2.0,1.0,2500.0,4000.0,1500.0,45,50,5,75000,225000,150000,1,2,1,Yes,Yes,Yes,Yes,Yes,Yes,Yes,Yes,Yes,Yes,Yes,Yes,Yes,Yes,Yes,Yes,,,,,,,,,,,,,,,,,,,,,,,,,,,,5,5,5,5,5,5
Mtito Andei,Female,42,Primary,2600,4,No,Tomato,7,5,5,5,5,5,5,5,5,5,5,5,5,5,5,5,5,5,5,1.0,1.0,0.0,3000.0,4000.0,1000.0,40,50,10,120000,200000,80000,1,2,1,Yes,Yes,Yes,Yes,Yes,Yes,Yes,Yes,Yes,Yes,Yes,Yes,Yes,Yes,Yes,Yes,,,,,,,,,,,,,,,,,,,,,,,,,,,,5,5,5,5,5,5
Mtito Andei,Female,60,Certificate,4500,5,Yes,Tomato,10,5,5,5,5,5,5,5,5,5,5,5,5,5,5,5,5,5,5,1.0,1.0,0.0,2000.0,3500.0,1500.0,40,50,10,80000,175000,95000,1,2,1,Yes,Yes,Yes,Yes,Yes,Yes,Yes,Yes,Yes,Yes,Yes,Yes,Yes,Yes,Yes,Yes,,,,,,,,,,,,,,,,,,,,,,,,,,,,5,5,5,5,5,5
Mtito Andei,Female,39,Secondary,4800,3,No,Tomato,2,5,5,5,5,5,5,5,5,5,5,5,5,5,5,5,5,5,5,1.0,2.0,1.0,1200.0,4000.0,2800.0,30,50,20,3600,20000,16400,1,2,1,Yes,Yes,Yes,Yes,Yes,Yes,Yes,Yes,Yes,Yes,Yes,Yes,Yes,Yes,Yes,Yes,,,,,,,,,,,,,,,,,,,,,,,,,,,,5,5,5,5,5,5
Mtito Andei,Female,62,Primary,2000,5,No,Tomato,9,5,5,5,5,5,4,5,5,5,5,5,5,5,5,5,5,5,5,1.0,1.0,0.0,2600.0,4500.0,1900.0,30,50,20,78000,225000,147000,1,1,0,Yes,Yes,Yes,Yes,Yes,Yes,Yes,Yes,Yes,Yes,Yes,Yes,Yes,Yes,Yes,Yes,,,,,,,,,,,,,,,,,,,,,,,,,,,,5,5,5,5,5,5
Mtito Andei,Female,62,Secondary,3000,6,No,Tomato,10,5,5,5,5,5,5,5,5,5,5,5,5,5,5,5,5,5,5,1.0,1.0,0.0,2000.0,3000.0,1000.0,40,50,10,80000,150000,70000,1,2,1,Yes,Yes,Yes,Yes,Yes,Yes,Yes,Yes,Yes,Yes,Yes,Yes,Yes,Yes,Yes,Yes,,,,,,,,,,,,,,,,,,,,,,,,,,,,5,5,5,5,5,5
Mtito Andei,Female,59,Secondary,5000,6,No,Tomato,8,5,5,5,5,5,5,5,5,5,5,5,5,5,5,5,5,5,5,1.0,1.0,0.0,2500.0,5000.0,2500.0,40,50,10,80000,250000,170000,1,2,1,Yes,Yes,Yes,Yes,Yes,Yes,Yes,Yes,Yes,Yes,Yes,Yes,Yes,Yes,Yes,Yes,,,,,,,,,,,,,,,,,,,,,,,,,,,,5,5,5,5,5,5
Mtito Andei,Female,43,Secondary,4000,5,Yes,Tomato,10,5,5,5,5,5,5,5,5,5,5,5,5,5,5,5,5,5,5,1.0,1.0,0.0,2600.0,5000.0,2400.0,40,60,20,104000,300000,196000,1,2,1,Yes,Yes,Yes,Yes,Yes,Yes,Yes,Yes,Yes,Yes,Yes,Yes,Yes,Yes,Yes,Yes,,,,,,,,,,,,,,,,,,,,,,,,,,,,5,5,5,5,5,5
Mtito Andei,Female,49,Secondary,4500,6,No,Tomato,9,5,5,5,5,5,5,5,5,5,5,5,5,5,5,5,5,5,5,1.0,1.0,0.0,3000.0,6000.0,3000.0,40,50,10,120000,300000,180000,1,2,1,Yes,Yes,Yes,Yes,Yes,Yes,Yes,Yes,Yes,Yes,Yes,Yes,Yes,Yes,Yes,Yes,,,,,,,,,,,,,,,,,,,,,,,,,,,,5,5,5,5,5,5
Mtito Andei,Female,58,Secondary,5000,4,No,Tomato,7,5,5,5,5,5,5,5,5,5,5,5,5,5,5,5,5,5,5,1.0,1.0,0.0,2000.0,5000.0,3000.0,45,50,5,90000,250000,160000,1,2,1,Yes,Yes,Yes,Yes,Yes,Yes,Yes,Yes,Yes,Yes,Yes,Yes,Yes,Yes,Yes,Yes,,,,,,,,,,,,,,,,,,,,,,,,,,,,5,5,5,5,5,5
Mtito Andei,Male,41,Secondary,3500,6,No,Tomato,12,5,5,4,5,5,5,5,5,5,5,5,5,5,4,5,5,5,5,1.0,1.0,0.0,3200.0,6000.0,2800.0,40,50,10,128000,300000,172000,1,2,1,Yes,Yes,Yes,Yes,Yes,Yes,Yes,Yes,Yes,Yes,Yes,Yes,Yes,Yes,Yes,Yes,,,,,,,,,,,,,,,,,,,,,,,,,,,,5,5,5,5,5,5
Mtito Andei,Male,64,Primary,6000,6,Yes,Tomato,8,5,5,5,5,5,5,5,5,5,5,3,5,5,5,5,5,5,5,1.0,1.0,0.0,2400.0,2800.0,400.0,30,40,10,60000,70000,10000,1,1,0,Yes,Yes,Yes,Yes,Yes,Yes,Yes,Yes,Yes,Yes,Yes,Yes,Yes,Yes,Yes,Yes,,,,,,,,,,,,,,,,,,,,,,,,,,,,5,5,5,5,5,5
Mtito Andei,Male,35,Primary,7000,6,Yes,Tomato,5,5,5,5,5,5,5,5,5,5,5,5,5,5,5,5,5,5,5,1.0,1.0,0.0,2000.0,4000.0,2000.0,30,40,10,60000,160000,100000,1,1,0,Yes,Yes,Yes,Yes,Yes,Yes,Yes,Yes,Yes,Yes,Yes,Yes,Yes,Yes,Yes,Yes,,,,,,,,,,,,,,,,,,,,,,,,,,,,5,5,5,5,5,5
Mtito Andei,Male,45,Secondary,10000,5,Yes,Tomato,8,3,4,4,4,4,4,4,4,4,4,4,4,4,4,2,4,2,4,1.0,1.0,0.0,600.0,1500.0,900.0,20,25,5,10000,32000,22000,0,2,2,Yes,Yes,Yes,Yes,Yes,Yes,Yes,Yes,Yes,Yes,Yes,Yes,Yes,Yes,Yes,No,,,,,,,,,,,,,,,,,,,,,,,,,,,,4,4,4,4,4,4
Mtito Andei,Male,0,Primary,0,6,Yes,Tomato,0,3,4,4,4,4,4,4,4,4,4,4,4,4,4,2,4,3,4,1.0,1.0,0.0,0.0,0.0,0.0,0,0,0,0,0,0,0,0,0,Yes,Yes,Yes,Yes,Yes,Yes,Yes,Yes,Yes,Yes,Yes,Yes,Yes,Yes,Yes,No,,,,,,,,,,,,,,,,,,,,,,,,,,,,4,4,4,4,4,4
Mtito Andei,Female,48,Secondary,10000,5,No,Tomato,5,3,4,4,4,4,4,4,4,4,4,4,4,4,4,2,4,3,4,1.0,1.0,0.0,500.0,1600.0,1100.0,20,25,5,9000,34000,25000,0,2,2,Yes,Yes,Yes,Yes,Yes,Yes,Yes,Yes,Yes,Yes,Yes,Yes,Yes,Yes,Yes,No,,,,,,,,,,,,,,,,,,,,,,,,,,,,4,4,4,4,4,4
Mtito Andei,Male,40,Primary,8000,5,Yes,Tomato,6,3,4,4,4,4,4,4,4,4,4,4,4,4,4,2,4,2,4,1.0,1.0,0.0,400.0,1600.0,1200.0,20,25,5,6500,36000,29500,0,2,2,Yes,Yes,Yes,Yes,Yes,Yes,Yes,Yes,Yes,Yes,Yes,Yes,Yes,Yes,Yes,No,,,,,,,,,,,,,,,,,,,,,,,,,,,,4,4,4,4,4,4
Mtito Andei,Male,34,Secondary,13000,4,Yes,Tomato,5,3,4,4,4,4,4,4,4,4,4,4,4,4,4,2,4,2,4,1.0,1.0,0.0,400.0,1400.0,1000.0,20,25,5,7500,32000,24500,0,2,2,Yes,Yes,Yes,Yes,Yes,Yes,Yes,Yes,Yes,Yes,Yes,Yes,Yes,Yes,Yes,No,,,,,,,,,,,,,,,,,,,,,,,,,,,,4,4,4,4,4,4
Mtito Andei,Male,63,Primary,9000,6,Yes,Tomato,5,3,4,4,4,4,4,4,4,4,4,4,4,4,4,2,4,3,4,1.0,1.0,0.0,380.0,1400.0,1020.0,20,25,5,6000,32000,26000,0,2,2,Yes,Yes,Yes,Yes,Yes,Yes,Yes,Yes,Yes,Yes,Yes,Yes,Yes,Yes,Yes,No,,,,,,,,,,,,,,,,,,,,,,,,,,,,4,4,4,4,4,4
Mtito Andei,Male,35,Certificate,8000,3,Yes,Tomato,8,2,4,4,4,4,4,4,4,4,4,4,4,4,4,2,4,3,4,1.0,1.0,0.0,600.0,1300.0,700.0,20,25,5,11000,30000,19000,0,2,2,Yes,Yes,Yes,Yes,Yes,Yes,Yes,Yes,Yes,Yes,Yes,Yes,Yes,Yes,Yes,No,,,,,,,,,,,,,,,,,,,,,,,,,,,,4,4,4,4,4,4
Mtito Andei,Male,53,Secondary,13000,6,Yes,Tomato,10,2,4,4,4,4,4,4,4,4,4,4,4,4,4,2,4,2,4,1.0,1.0,0.0,600.0,1000.0,400.0,20,30,10,10000,23000,13000,0,2,2,Yes,Yes,Yes,Yes,Yes,Yes,Yes,Yes,Yes,Yes,Yes,Yes,Yes,Yes,Yes,No,,,,,,,,,,,,,,,,,,,,,,,,,,,,4,4,4,4,4,4
Mtito Andei,Male,50,Secondary,14000,6,No,Tomato,6,2,4,4,4,4,4,4,4,4,4,4,4,4,4,2,4,2,4,1.0,1.0,0.0,500.0,1200.0,700.0,20,30,10,9000,30000,21000,1,2,1,Yes,Yes,Yes,Yes,Yes,Yes,Yes,Yes,Yes,Yes,Yes,Yes,Yes,Yes,Yes,No,,,,,,,,,,,,,,,,,,,,,,,,,,,,4,4,4,4,4,4
Mtito Andei,Male,68,Secondary,16000,6,Yes,Tomato,15,2,4,4,4,4,4,4,4,4,4,4,4,4,4,2,4,3,4,1.0,1.0,0.0,350.0,800.0,450.0,20,35,15,6500,25000,18500,0,2,2,Yes,Yes,Yes,Yes,Yes,Yes,Yes,Yes,Yes,Yes,Yes,Yes,Yes,Yes,Yes,No,,,,,,,,,,,,,,,,,,,,,,,,,,,,4,4,4,4,4,4
Thange,Male,57,Primary,1000,4,Yes,Mango,2,4,4,4,4,4,4,4,4,4,4,4,4,4,4,4,4,4,5,,,,,,,20,50,30,3600,10000,6400,1,1,0,Yes,,Yes,,Yes,,Yes,,Yes,,Yes,No,Yes,,Yes,No,1.0,27.0,26.0,1.0,27.0,26.0,900.0,1000.0,100.0,,,,,,,,,,,,,,,,,,,5,5,2,3,4,4
Thange,Female,49,Primary,500,4,Yes,Mango,27,4,4,5,4,5,4,4,4,4,4,4,4,4,4,4,4,4,5,,,,,,,10,50,40,450,3000,2550,1,1,0,Yes,,Yes,,Yes,,Yes,,Yes,,Yes,Yes,Yes,,Yes,Yes,6.0,51.0,45.0,6.0,25.0,19.0,90.0,60.0,-30.0,,,,,,,,,,,,,,,,,,,4,4,3,4,4,4
Thange,Female,67,Primary,500,3,Yes,Mango,43,4,4,4,4,4,4,4,3,5,4,4,3,4,4,4,4,4,5,,,,,,,30,50,20,5400,45000,39600,1,1,0,Yes,,Yes,,Yes,,Yes,,Yes,,Yes,Yes,Yes,,Yes,Yes,9.0,34.0,25.0,9.0,34.0,25.0,900.0,4500.0,3600.0,,,,,,,,,,,,,,,,,,,5,4,5,4,4,3
Thange,Female,54,Primary,200,6,Yes,Mango,4,4,4,4,4,4,5,4,4,4,4,5,3,4,5,1,4,3,5,,,,,,,0,100,100,0,30000,30000,0,1,1,Yes,,Yes,,Yes,,Yes,,Yes,,Yes,Yes,Yes,,Yes,Yes,0.0,4.0,4.0,0.0,4.0,4.0,0.0,500.0,500.0,,,,,,,,,,,,,,,,,,,4,5,4,5,5,5
Thange,Female,43,Primary,1000,5,Yes,Mango,4,4,4,4,4,5,5,4,4,4,4,4,4,4,4,1,4,4,4,,,,,,,0,50,50,0,2000,2000,0,1,1,Yes,,Yes,,Yes,,Yes,,Yes,,Yes,Yes,Yes,,Yes,No,0.0,3.0,3.0,0.0,3.0,3.0,0.0,200.0,200.0,,,,,,,,,,,,,,,,,,,3,4,4,4,4,4
Thange,Female,51,Secondary,2000,1,No,Mango,8,4,4,5,4,4,4,4,4,4,4,4,4,4,4,4,4,4,4,,,,,,,15,50,35,5600,15000,9400,1,1,0,Yes,,Yes,,Yes,,Yes,,Yes,,Yes,Yes,Yes,,Yes,Yes,20.0,46.0,26.0,20.0,46.0,26.0,1800.0,9000.0,7200.0,,,,,,,,,,,,,,,,,,,5,5,4,4,4,4
Thange,Male,74,Secondary,0,3,Yes,Mango,10,4,4,4,4,4,5,4,4,4,4,5,4,4,5,5,4,4,5,,,,,,,20,0,-20,4000,0,-4000,3,2,-1,Yes,,No,,Yes,,Yes,,Yes,,Yes,Yes,Yes,,Yes,Yes,50.0,60.0,10.0,50.0,60.0,10.0,50.0,70.0,20.0,,,,,,,,,,,,,,,,,,,4,4,4,4,4,3
Thange,Male,70,Secondary,1000,3,Yes,Mango,6,4,4,4,4,4,5,4,4,4,4,4,4,4,4,5,4,4,5,,,,,,,35,3500,3465,12000,0,-12000,1,1,0,Yes,,Yes,,Yes,,Yes,,Yes,,Yes,Yes,Yes,,Yes,No,130.0,100.0,-30.0,130.0,100.0,-30.0,60.0,20.0,-40.0,,,,,,,,,,,,,,,,,,,4,3,5,4,4,5
Thange,Female,55,Secondary,1000,3,No,Mango,5,4,4,4,4,4,4,4,4,5,5,4,5,4,4,2,4,4,5,,,,,,,0,0,0,0,0,0,1,1,0,Yes,,Yes,,Yes,,Yes,,Yes,,Yes,Yes,Yes,,Yes,No,0.0,7.0,7.0,0.0,7.0,7.0,0.0,0.0,0.0,,,,,,,,,,,,,,,,,,,3,3,4,3,4,4
Thange,Male,68,Secondary,500,3,Yes,Mango,8,4,3,4,5,5,5,3,3,5,4,4,4,2,4,2,4,4,4,,,,,,,0,50,50,0,18000,18000,1,2,1,Yes,,Yes,,Yes,,Yes,,Yes,,Yes,Yes,Yes,,Yes,Yes,6.0,30.0,24.0,6.0,38.0,32.0,0.0,60.0,60.0,,,,,,,,,,,,,,,,,,,4,5,4,4,4,5
Thange,Male,70,Secondary,5000,3,Yes,Mango,25,4,4,4,4,4,4,4,4,4,4,4,4,4,4,2,4,4,5,,,,,,,0,50,50,0,8000,8000,1,1,0,Yes,,Yes,,Yes,,Yes,,Yes,,Yes,No,Yes,,Yes,No,5.0,12.0,7.0,5.0,12.0,7.0,0.0,400.0,400.0,,,,,,,,,,,,,,,,,,,4,5,4,4,4,4
Thange,Male,50,Secondary,10000,5,Yes,Mango,17,4,3,3,3,4,4,3,4,4,4,4,4,4,2,5,3,4,4,,,,,,,40,40,0,500000,500000,0,1,1,0,Yes,,Yes,,Yes,,Yes,,Yes,,Yes,Yes,Yes,,Yes,No,70.0,70.0,0.0,70.0,70.0,0.0,300.0,300.0,0.0,,,,,,,,,,,,,,,,,,,3,3,4,3,3,1
Thange,Female,71,Primary,500,6,Yes,Mango,19,4,4,4,4,4,4,4,4,4,4,5,4,4,4,5,3,4,5,,,,,,,40,40,0,70000,70000,0,1,1,0,Yes,,Yes,,Yes,,Yes,,Yes,,Yes,No,Yes,,Yes,No,90.0,90.0,0.0,90.0,90.0,0.0,100.0,100.0,0.0,,,,,,,,,,,,,,,,,,,3,3,2,3,4,5
Thange,Female,53,Primary,5000,6,Yes,Mango,4,4,4,4,4,4,5,4,4,4,4,4,4,4,4,1,4,4,5,,,,,,,0,0,0,0,0,0,1,1,0,Yes,,Yes,,Yes,,Yes,,Yes,,Yes,Yes,Yes,,Yes,Yes,0.0,10.0,10.0,0.0,10.0,10.0,0.0,0.0,0.0,,,,,,,,,,,,,,,,,,,3,3,4,3,4,4
Tulimani,Male,64,Primary,5000,6,Yes,Mango,5,5,5,5,5,5,5,5,5,5,5,5,5,5,5,4,5,5,5,,,,,,,5,20,15,7500,15000,7500,1,2,1,Yes,,Yes,,Yes,,Yes,,Yes,,Yes,Yes,Yes,,Yes,Yes,1.0,76.0,75.0,66.0,76.0,10.0,6000.0,3000.0,-3000.0,,,,,,,,,,,,,,,,,,,5,5,5,5,5,5
Tulimani,Male,66,Secondary,7000,6,Yes,Mango,5,5,5,5,5,5,5,5,5,5,5,5,5,5,5,4,5,5,5,,,,,,,10,30,20,30000,210000,180000,1,2,1,Yes,,Yes,,Yes,,Yes,,Yes,,Yes,Yes,Yes,,Yes,Yes,100.0,100.0,0.0,100.0,100.0,0.0,300.0,500.0,200.0,,,,,,,,,,,,,,,,,,,5,5,5,5,5,5
Thange,Female,45,Primary,500,6,No,Mango,3,4,4,4,4,5,4,4,4,4,4,4,4,4,4,1,4,4,4,,,,,,,12,12,0,1000,3000,2000,1,1,0,Yes,,Yes,,Yes,,Yes,,Yes,,Yes,Yes,Yes,,Yes,Yes,3.0,10.0,7.0,1.0,1.0,0.0,40.0,150.0,110.0,,,,,,,,,,,,,,,,,,,4,4,4,4,4,5
Thange,Female,56,Secondary,500,5,No,Mango,7,4,4,4,4,4,4,4,4,4,4,4,4,4,4,2,4,4,4,,,,,,,20,60,40,10000,15000,5000,1,2,1,Yes,,Yes,,Yes,,Yes,,Yes,,Yes,Yes,Yes,,Yes,Yes,4.0,20.0,16.0,4.0,420.0,416.0,200.0,450.0,250.0,,,,,,,,,,,,,,,,,,,4,4,4,4,4,4
Thange,Female,77,Primary,0,4,No,Mango,6,4,4,4,4,4,4,4,4,4,4,4,4,4,4,4,4,4,5,,,,,,,0,0,0,0,0,0,1,1,0,Yes,,Yes,,Yes,,Yes,,Yes,,Yes,Yes,Yes,,Yes,No,7.0,15.0,8.0,7.0,15.0,8.0,0.0,50.0,50.0,,,,,,,,,,,,,,,,,,,3,3,4,4,4,4
Thange,Female,42,Primary,500,4,No,Mango,3,4,4,4,4,4,4,4,4,2,4,4,4,4,4,2,4,3,5,,,,,,,0,0,0,0,0,0,1,1,0,Yes,,Yes,,Yes,,Yes,,Yes,,Yes,Yes,Yes,,Yes,No,10.0,0.0,-10.0,10.0,0.0,-10.0,0.0,0.0,0.0,,,,,,,,,,,,,,,,,,,3,3,4,3,3,4
Thange,Male,53,Primary,5000,6,Yes,Mango,6,4,4,4,4,4,5,4,4,4,4,4,4,4,4,4,4,4,5,,,,,,,0,12,12,0,20000,20000,1,1,0,Yes,,Yes,,Yes,,Yes,,Yes,,Yes,Yes,Yes,,Yes,Yes,22.0,52.0,30.0,22.0,52.0,30.0,0.0,300.0,300.0,,,,,,,,,,,,,,,,,,,4,4,4,4,4,4
Tulimani,Male,66,Primary,1000,3,Yes,Mango,5,5,5,5,5,5,5,5,5,5,5,5,5,5,5,4,5,5,5,,,,,,,3,20,17,300,500000,499700,1,3,2,Yes,,Yes,,Yes,,Yes,,Yes,,Yes,Yes,Yes,,Yes,Yes,10.0,250.0,240.0,10.0,250.0,240.0,50.0,500.0,450.0,,,,,,,,,,,,,,,,,,,5,5,5,5,5,5
Tulimani,Female,67,Secondary,5000,3,Yes,Mango,5,5,5,5,5,5,5,5,5,5,5,5,5,5,5,4,5,5,5,,,,,,,5,20,15,500,200000,199500,1,2,1,Yes,,Yes,,Yes,,Yes,,Yes,,Yes,Yes,Yes,,Yes,Yes,5.0,100.0,95.0,5.0,100.0,95.0,100.0,500.0,400.0,,,,,,,,,,,,,,,,,,,5,5,5,5,5,5
Tulimani,Male,55,Secondary,4000,3,Yes,Mango,5,5,5,5,5,5,4,5,5,5,5,5,5,5,5,4,5,5,5,,,,,,,120,15,-105,120,37500,37380,1,1,0,Yes,,Yes,,Yes,,Yes,,Yes,,Yes,Yes,Yes,,Yes,Yes,2.0,30.0,28.0,2.0,30.0,28.0,20.0,250.0,230.0,,,,,,,,,,,,,,,,,,,5,5,5,5,5,5
Tulimani,Female,58,Primary,200,2,Yes,Mango,5,5,5,5,5,5,5,5,5,5,5,5,5,5,5,4,5,5,5,,,,,,,6000,20,-5980,6000,80000,74000,1,1,0,Yes,,Yes,,Yes,,Yes,,Yes,,Yes,Yes,Yes,,Yes,Yes,10.0,40.0,30.0,10.0,40.0,30.0,300.0,500.0,200.0,,,,,,,,,,,,,,,,,,,5,5,4,5,5,5
Tulimani,Female,54,Primary,5000,5,No,Mango,5,5,5,5,5,5,5,5,5,5,5,5,5,5,5,5,5,5,5,,,,,,,5,25,20,100,25000,24900,1,1,0,Yes,,Yes,,Yes,,Yes,,Yes,,Yes,Yes,Yes,,Yes,Yes,2.0,10.0,8.0,2.0,10.0,8.0,50.0,500.0,450.0,,,,,,,,,,,,,,,,,,,5,5,5,5,5,5
Tulimani,Female,52,Secondary,6000,5,No,Mango,5,5,5,5,5,5,5,5,5,5,5,5,5,5,5,4,5,5,5,,,,,,,5,20,15,1000,104000,103000,1,1,0,Yes,,Yes,,Yes,,Yes,,Yes,,Yes,Yes,Yes,,Yes,Yes,10.0,52.0,42.0,10.0,52.0,42.0,100.0,300.0,200.0,,,,,,,,,,,,,,,,,,,5,5,5,5,5,5
Tulimani,Female,77,Primary,5000,4,Yes,Mango,5,5,5,5,5,5,5,5,5,5,5,5,5,5,5,5,5,5,5,,,,,,,5,20,15,6000,40000,34000,1,1,0,Yes,,Yes,,Yes,,Yes,,Yes,,Yes,Yes,Yes,,Yes,Yes,30.0,30.0,0.0,30.0,30.0,0.0,100.0,20.0,-80.0,,,,,,,,,,,,,,,,,,,5,5,5,5,5,5
Tulimani,Female,60,Degree,20000,3,No,Mango,5,5,5,5,5,5,5,5,5,5,5,5,5,5,5,4,5,5,5,,,,,,,5,20,15,22,55,33,2,2,0,Yes,,Yes,,Yes,,Yes,,Yes,,Yes,Yes,Yes,,Yes,Yes,120.0,170.0,50.0,120.0,170.0,50.0,200.0,500.0,300.0,,,,,,,,,,,,,,,,,,,5,5,5,5,5,5
Tulimani,Female,68,Primary,2000,4,No,Mango,5,5,5,5,5,5,5,5,5,5,5,5,5,5,5,5,5,5,5,,,,,,,5,20,15,1000,10000,9000,1,1,0,Yes,,Yes,,Yes,,Yes,,Yes,,Yes,Yes,Yes,,Yes,Yes,10.0,30.0,20.0,10.0,30.0,20.0,100.0,500.0,400.0,,,,,,,,,,,,,,,,,,,5,5,5,5,5,5
Tulimani,Female,64,Primary,4000,5,Yes,Mango,5,5,5,5,5,5,5,5,5,5,5,5,5,5,5,5,5,5,5,,,,,,,5,20,15,6000,100000,94000,1,2,1,Yes,,Yes,,Yes,,Yes,,Yes,,Yes,Yes,Yes,,Yes,Yes,20.0,30.0,10.0,20.0,30.0,10.0,300.0,500.0,200.0,,,,,,,,,,,,,,,,,,,5,5,5,5,5,5
Mtito Andei,Female,52,Primary,3000,6,Yes,Mango,6,4,4,4,4,4,4,5,4,5,4,4,4,4,4,2,5,2,5,,,,,,,15,30,15,1000,3500,2500,0,0,0,Yes,,Yes,,Yes,,Yes,,Yes,,Yes,Yes,Yes,,Yes,Yes,4.0,18.0,14.0,10.0,45.0,35.0,100.0,500.0,400.0,,,,,,,,,,,,,,,,,,,4,4,4,4,3,3
Mtito Andei,Female,35,Primary,3000,3,Yes,Mango,4,2,4,4,4,4,4,4,4,5,4,5,4,4,5,2,5,2,5,,,,,,,20,20,0,1000,2500,1500,0,1,1,Yes,,Yes,,Yes,,Yes,,Yes,,Yes,Yes,Yes,,Yes,Yes,6.0,35.0,29.0,6.0,35.0,29.0,50.0,90.0,40.0,,,,,,,,,,,,,,,,,,,4,4,4,4,4,4
Mtito Andei,Female,52,Primary,3000,6,Yes,Mango,5,2,4,4,4,4,4,4,4,4,4,4,4,4,4,4,4,2,4,,,,,,,20,20,0,1000,2500,1500,0,1,1,Yes,,Yes,,Yes,,Yes,,Yes,,Yes,Yes,Yes,,Yes,Yes,10.0,50.0,40.0,10.0,50.0,40.0,80.0,150.0,70.0,,,,,,,,,,,,,,,,,,,4,4,4,4,4,4
Mtito Andei,Male,62,Primary,4000,6,Yes,Mango,15,3,4,4,4,4,4,4,4,4,4,4,4,4,5,2,4,2,5,,,,,,,20,20,0,12500,19000,6500,2,2,0,Yes,,Yes,,Yes,,Yes,,Yes,,Yes,Yes,Yes,,Yes,Yes,80.0,100.0,20.0,260.0,300.0,40.0,100.0,130.0,30.0,,,,,,,,,,,,,,,,,,,4,4,4,4,4,4
Mtito Andei,Female,55,Primary,5000,6,No,Mango,5,2,4,4,4,5,5,4,4,4,4,4,4,4,4,2,4,2,5,,,,,,,15,20,5,2000,4500,2500,0,1,1,Yes,,Yes,,Yes,,Yes,,Yes,,Yes,Yes,Yes,,Yes,Yes,10.0,42.0,32.0,10.0,42.0,32.0,100.0,150.0,50.0,,,,,,,,,,,,,,,,,,,4,4,5,4,4,4
Mtito Andei,Female,68,Primary,6000,4,Yes,Mango,4,3,4,4,4,4,4,4,4,5,4,4,4,4,4,4,4,2,4,,,,,,,15,20,5,3500,7000,3500,0,0,0,Yes,,Yes,,Yes,,Yes,,Yes,,Yes,Yes,Yes,,Yes,Yes,6.0,35.0,29.0,6.0,35.0,29.0,70.0,100.0,30.0,,,,,,,,,,,,,,,,,,,4,4,4,4,4,4
Mtito Andei,Male,78,Primary,9000,6,Yes,Mango,20,2,5,5,5,5,5,4,4,5,4,4,4,4,5,2,4,2,4,,,,,,,10,20,10,1200,4000,2800,0,1,1,Yes,,Yes,,Yes,,Yes,,Yes,,Yes,Yes,Yes,,Yes,Yes,16.0,53.0,37.0,16.0,53.0,37.0,60.0,100.0,40.0,,,,,,,,,,,,,,,,,,,4,4,4,4,4,4
Mtito Andei,Female,40,Secondary,8000,3,No,Mango,5,2,5,5,5,5,5,4,4,5,4,4,4,4,4,2,4,2,4,,,,,,,10,20,10,1500,3800,2300,0,1,1,Yes,,Yes,,Yes,,Yes,,Yes,,Yes,Yes,Yes,,Yes,Yes,8.0,64.0,56.0,8.0,64.0,56.0,50.0,120.0,70.0,,,,,,,,,,,,,,,,,,,4,4,4,4,4,4
Mtito Andei,Female,58,Primary,8000,6,No,Mango,20,2,4,4,4,4,4,4,4,4,4,4,4,4,4,2,4,2,4,,,,,,,10,20,10,500,3200,2700,0,1,1,Yes,,Yes,,Yes,,Yes,,Yes,,Yes,Yes,Yes,,Yes,Yes,3.0,45.0,42.0,3.0,45.0,42.0,25.0,56.0,31.0,,,,,,,,,,,,,,,,,,,4,4,4,4,4,4
Mtito Andei,Female,58,Primary,9000,6,Yes,Mango,20,2,4,4,5,5,5,4,4,5,4,4,4,4,4,2,4,2,4,,,,,,,10,20,10,400,1600,1200,0,1,1,Yes,,Yes,,Yes,,Yes,,Yes,,Yes,Yes,Yes,,Yes,Yes,2.0,42.0,40.0,2.0,42.0,40.0,40.0,90.0,50.0,,,,,,,,,,,,,,,,,,,4,4,5,4,4,4
Mtito Andei,Female,62,Primary,9500,6,Yes,Mango,5,2,4,4,4,4,4,4,4,4,4,4,4,4,4,2,4,2,4,,,,,,,10,20,10,300,1000,700,0,1,1,Yes,,Yes,,Yes,,Yes,,Yes,,Yes,Yes,Yes,,Yes,Yes,2.0,38.0,36.0,2.0,38.0,36.0,50.0,90.0,40.0,,,,,,,,,,,,,,,,,,,4,4,4,4,4,4
Mtito Andei,Male,39,Secondary,10000,4,Yes,Mango,6,3,5,4,5,5,5,4,4,4,4,4,4,4,4,2,4,2,4,,,,,,,10,20,10,0,3000,3000,0,1,1,Yes,,Yes,,Yes,,Yes,,Yes,,Yes,Yes,Yes,,Yes,No,0.0,50.0,50.0,0.0,50.0,50.0,0.0,30.0,30.0,,,,,,,,,,,,,,,,,,,4,4,4,4,4,4
Mtito Andei,Male,70,Diploma,10000,6,Yes,Mango,7,2,5,5,5,5,5,4,5,5,4,4,4,4,4,2,4,2,4,,,,,,,10,20,10,500,2800,2300,0,0,0,Yes,,Yes,,Yes,,Yes,,Yes,,Yes,Yes,Yes,,Yes,No,2.0,32.0,30.0,2.0,32.0,30.0,50.0,100.0,50.0,,,,,,,,,,,,,,,,,,,4,4,4,4,4,4
Mtito Andei,Female,57,Primary,10000,6,Yes,Mango,5,3,4,5,5,5,5,5,5,5,4,4,4,4,4,2,4,4,4,,,,,,,10,20,10,0,2500,2500,0,1,1,Yes,,Yes,,Yes,,Yes,,Yes,,Yes,Yes,Yes,,Yes,No,0.0,30.0,30.0,0.0,30.0,30.0,0.0,40.0,40.0,,,,,,,,,,,,,,,,,,,4,4,4,4,4,4
Mtito Andei,Male,48,Secondary,15000,4,Yes,Mango,6,2,4,5,5,5,5,4,4,5,4,4,4,4,4,2,4,2,3,,,,,,,10,20,10,0,4600,4600,0,1,1,Yes,,Yes,,Yes,,Yes,,Yes,,Yes,Yes,Yes,,Yes,No,0.0,40.0,40.0,0.0,40.0,40.0,0.0,70.0,70.0,,,,,,,,,,,,,,,,,,,4,4,4,4,4,4
Mtito Andei,Male,46,Secondary,15000,4,Yes,Mango,12,3,4,4,5,5,5,4,4,4,4,4,4,4,4,2,4,2,3,,,,,,,10,20,10,800,4500,3700,0,1,1,Yes,,Yes,,Yes,,Yes,,Yes,,Yes,Yes,Yes,,Yes,No,5.0,57.0,52.0,5.0,57.0,52.0,50.0,80.0,30.0,,,,,,,,,,,,,,,,,,,4,4,4,4,4,4
Mtito Andei,Male,69,Secondary,19000,6,Yes,Mango,15,3,5,5,5,4,5,4,4,5,4,4,4,4,4,2,4,2,4,,,,,,,10,20,10,600,3800,3200,0,1,1,Yes,,Yes,,Yes,,Yes,,Yes,,Yes,Yes,Yes,,Yes,No,2.0,70.0,68.0,2.0,70.0,68.0,200.0,70.0,-130.0,,,,,,,,,,,,,,,,,,,4,4,4,4,4,4
Waia/Kako,Male,49,Primary,20000,6,Yes,Mango,6,5,4,4,4,4,4,4,4,4,4,4,4,4,4,4,4,4,4,,,,,,,5,10,5,4500,6000,1500,0,0,0,Yes,,Yes,,Yes,,Yes,,Yes,,Yes,Yes,Yes,,Yes,Yes,11.0,18.0,7.0,16.0,22.0,6.0,120.0,180.0,60.0,,,,,,,,,,,,,,,,,,,4,4,4,4,4,4
Waia/Kako,Male,54,Primary,15000,6,Yes,Mango,5,4,4,4,4,4,4,4,4,4,4,4,4,4,4,4,4,4,4,,,,,,,5,10,5,1500,3500,2000,0,0,0,Yes,,Yes,,Yes,,Yes,,Yes,,Yes,Yes,Yes,,Yes,Yes,2.0,4.0,2.0,6.0,8.0,2.0,80.0,120.0,40.0,,,,,,,,,,,,,,,,,,,4,4,4,4,4,4
Waia/Kako,Female,37,Secondary,30000,4,Yes,Mango,4,5,4,4,4,4,4,4,4,4,4,4,4,4,4,2,4,4,2,,,,,,,12,30,18,1000,20000,19000,0,1,1,Yes,,Yes,,Yes,,Yes,,Yes,,Yes,Yes,Yes,,Yes,Yes,2.0,20.0,18.0,2.0,50.0,48.0,15.0,100.0,85.0,,,,,,,,,,,,,,,,,,,4,4,4,4,4,4
Waia/Kako,Female,60,Secondary,32000,4,Yes,Mango,4,4,4,3,4,4,4,4,4,4,4,4,5,4,5,2,4,4,4,,,,,,,15,30,15,1000,25000,24000,0,1,1,Yes,,Yes,,Yes,,Yes,,Yes,,Yes,Yes,Yes,,Yes,Yes,3.0,20.0,17.0,3.0,50.0,47.0,20.0,100.0,80.0,,,,,,,,,,,,,,,,,,,4,4,4,4,4,4
Waia/Kako,Female,45,Certificate,30000,6,Yes,Mango,4,5,4,4,4,4,4,4,4,4,4,4,5,5,5,2,4,4,2,,,,,,,20,30,10,10000,50000,40000,1,1,0,Yes,,Yes,,Yes,,Yes,,Yes,,Yes,Yes,Yes,,Yes,Yes,10.0,45.0,35.0,15.0,90.0,75.0,70.0,200.0,130.0,,,,,,,,,,,,,,,,,,,4,4,4,4,4,4
Waia/Kako,Female,50,Primary,28000,4,Yes,Mango,4,5,4,4,5,4,4,5,4,4,5,4,4,4,4,2,4,4,2,,,,,,,20,30,10,15000,30000,15000,0,1,1,Yes,,Yes,,Yes,,Yes,,Yes,,Yes,Yes,Yes,,Yes,Yes,20.0,40.0,20.0,25.0,75.0,50.0,100.0,200.0,100.0,,,,,,,,,,,,,,,,,,,4,4,4,5,5,4
Waia/Kako,Female,42,Secondary,35000,3,Yes,Mango,4,4,4,4,4,4,4,4,4,4,4,4,4,4,4,2,4,4,2,,,,,,,10,20,10,1500,15000,13500,0,1,1,Yes,,Yes,,Yes,,Yes,,Yes,,Yes,Yes,Yes,,Yes,Yes,5.0,10.0,5.0,5.0,20.0,15.0,20.0,70.0,50.0,,,,,,,,,,,,,,,,,,,4,4,4,4,4,4
Waia/Kako,Female,67,Secondary,40000,4,Yes,Mango,4,5,4,4,5,5,5,5,5,4,5,5,5,4,5,5,4,5,2,,,,,,,20,35,15,10000,25000,15000,0,1,1,Yes,,Yes,,Yes,,Yes,,Yes,,Yes,Yes,Yes,,Yes,Yes,20.0,45.0,25.0,20.0,95.0,75.0,100.0,270.0,170.0,,,,,,,,,,,,,,,,,,,5,5,4,4,4,4
Waia/Kako,Female,55,Secondary,27000,4,Yes,Mango,4,4,4,3,4,4,4,4,4,4,4,4,4,4,4,2,4,4,2,,,,,,,20,30,10,2000,10000,8000,0,1,1,Yes,,Yes,,Yes,,Yes,,Yes,,Yes,Yes,Yes,,Yes,Yes,5.0,38.0,33.0,5.0,38.0,33.0,50.0,200.0,150.0,,,,,,,,,,,,,,,,,,,5,5,5,5,5,5
Waia/Kako,Male,40,Certificate,40000,4,Yes,Mango,4,4,4,4,4,4,5,5,5,4,4,4,4,4,4,2,4,4,2,,,,,,,20,30,10,3000,15000,12000,0,1,1,Yes,,Yes,,Yes,,Yes,,Yes,,Yes,Yes,Yes,,Yes,Yes,10.0,40.0,30.0,10.0,40.0,30.0,90.0,150.0,60.0,,,,,,,,,,,,,,,,,,,4,4,4,4,4,4
Waia/Kako,Male,37,Secondary,30000,4,Yes,Mango,4,5,4,4,5,5,5,5,5,5,4,5,5,5,5,2,4,4,2,,,,,,,20,30,10,20000,40000,20000,1,1,0,Yes,,Yes,,Yes,,Yes,,Yes,,Yes,Yes,Yes,,Yes,Yes,40.0,45.0,5.0,50.0,100.0,50.0,100.0,250.0,150.0,,,,,,,,,,,,,,,,,,,5,4,4,4,4,4
Waia/Kako,Male,52,Secondary,35000,3,Yes,Mango,4,4,5,5,5,4,4,4,5,5,5,5,5,5,4,2,4,4,2,,,,,,,20,30,10,2000,8000,6000,0,1,1,Yes,,Yes,,Yes,,Yes,,Yes,,Yes,Yes,Yes,,Yes,Yes,5.0,20.0,15.0,5.0,20.0,15.0,50.0,150.0,100.0,,,,,,,,,,,,,,,,,,,5,4,4,4,4,4
Thange,Female,60,Primary,1000,6,No,Green gram,5,4,4,4,4,4,4,4,4,5,5,4,4,5,4,1,4,4,5,0.0,2.0,2.0,0.0,270.0,270.0,0,100,100,0,54000,54000,0,7,7,Yes,Yes,Yes,Yes,Yes,Yes,Yes,Yes,Yes,Yes,Yes,Yes,Yes,Yes,Yes,Yes,,,,,,,,,,,,,,,,,,,,,,,,,,,,3,3,4,4,5,4
Thange,Male,70,Primary,500,5,Yes,Green gram,25,4,4,4,4,4,4,4,4,4,5,4,3,4,4,2,4,4,5,1.0,3.0,2.0,90.0,135.0,45.0,50,100,50,4500,27000,22500,1,5,4,Yes,Yes,Yes,Yes,Yes,Yes,Yes,Yes,Yes,Yes,Yes,Yes,Yes,Yes,Yes,Yes,,,,,,,,,,,,,,,,,,,,,,,,,,,,5,5,4,4,4,4
Thange,Female,60,Primary,1000,5,No,Green gram,3,4,4,4,4,4,4,4,3,5,5,4,4,4,4,4,4,4,5,5.0,2.0,-3.0,40.0,360.0,320.0,30,100,70,24000,72000,48000,6,2,-4,Yes,Yes,Yes,Yes,Yes,Yes,Yes,Yes,Yes,Yes,Yes,Yes,Yes,Yes,Yes,Yes,,,,,,,,,,,,,,,,,,,,,,,,,,,,4,5,4,5,4,4
Thange,Male,63,Secondary,3000,1,Yes,Green gram,20,4,4,4,4,4,4,4,3,2,4,4,3,4,4,2,4,4,4,2.0,1.0,-1.0,40.0,180.0,140.0,30,100,70,2400,18000,15600,2,2,0,Yes,Yes,Yes,Yes,Yes,Yes,Yes,Yes,Yes,Yes,Yes,Yes,Yes,Yes,Yes,Yes,,,,,,,,,,,,,,,,,,,,,,,,,,,,4,5,4,4,4,4
Thange,Male,70,Secondary,12000,4,Yes,Green gram,7,4,4,4,4,4,4,4,4,4,4,4,3,4,4,2,3,3,5,1.0,4.0,3.0,50.0,400.0,350.0,0,120,120,0,180000,180000,1,2,1,Yes,Yes,Yes,Yes,Yes,Yes,Yes,Yes,Yes,Yes,Yes,Yes,Yes,Yes,Yes,Yes,,,,,,,,,,,,,,,,,,,,,,,,,,,,4,5,4,4,4,4
Thange,Female,43,Secondary,1000,3,Yes,Green gram,5,4,4,3,4,3,5,3,3,3,5,4,3,4,4,2,3,3,4,0.0,2.0,2.0,0.0,70.0,70.0,0,80,80,0,11200,11200,1,1,0,Yes,Yes,Yes,Yes,Yes,Yes,Yes,Yes,Yes,Yes,Yes,Yes,Yes,Yes,Yes,Yes,,,,,,,,,,,,,,,,,,,,,,,,,,,,4,5,3,4,4,5
Thange,Male,54,Primary,500,2,Yes,Green gram,18,4,4,4,4,4,4,4,3,4,4,4,3,4,4,2,4,4,5,3.0,1.0,-2.0,100.0,200.0,100.0,50,120,70,15000,24000,9000,1,1,0,Yes,Yes,Yes,Yes,Yes,Yes,Yes,Yes,Yes,Yes,Yes,Yes,Yes,Yes,Yes,Yes,,,,,,,,,,,,,,,,,,,,,,,,,,,,5,5,4,4,4,4
Thange,Female,53,Primary,15000,2,Yes,Green gram,5,4,4,4,4,4,4,4,3,4,4,4,4,4,4,2,4,4,5,1.0,2.0,1.0,100.0,300.0,200.0,80,150,70,8000,48000,40000,6,3,-3,Yes,Yes,Yes,Yes,Yes,Yes,Yes,Yes,Yes,Yes,Yes,Yes,Yes,Yes,Yes,Yes,,,,,,,,,,,,,,,,,,,,,,,,,,,,4,4,4,4,4,4
Thange,Female,54,Primary,1000,1,Yes,Green gram,3,4,4,4,4,4,5,4,5,3,4,4,4,4,4,2,4,4,5,1.0,3.0,2.0,100.0,300.0,200.0,30,100,70,3000,90000,87000,3,5,2,Yes,Yes,Yes,Yes,Yes,Yes,Yes,Yes,Yes,Yes,Yes,Yes,Yes,Yes,Yes,Yes,,,,,,,,,,,,,,,,,,,,,,,,,,,,4,4,5,4,4,4
Thange,Female,50,Primary,2000,6,No,Green gram,18,4,4,4,4,4,4,4,4,4,4,4,3,4,4,4,4,4,5,3.0,1.0,-2.0,50.0,360.0,310.0,20,100,80,3000,30000,27000,2,2,0,Yes,Yes,Yes,Yes,Yes,Yes,Yes,Yes,Yes,Yes,Yes,Yes,Yes,Yes,Yes,Yes,,,,,,,,,,,,,,,,,,,,,,,,,,,,4,5,4,5,5,4
Thange,Male,54,Primary,10000,4,Yes,Green gram,3,4,4,4,4,4,5,4,4,4,4,4,4,4,4,2,4,4,5,1.0,2.0,1.0,70.0,400.0,330.0,40,120,80,2000,80000,78000,3,4,1,Yes,Yes,Yes,Yes,Yes,Yes,Yes,Yes,Yes,Yes,Yes,Yes,Yes,Yes,Yes,Yes,,,,,,,,,,,,,,,,,,,,,,,,,,,,4,4,5,4,4,5
Thange,Female,38,Primary,10000,2,Yes,Green gram,5,4,4,4,4,4,4,4,4,4,4,4,4,4,4,2,4,4,4,1.0,3.0,2.0,100.0,200.0,100.0,100,150,50,9000,60000,51000,2,6,4,Yes,Yes,Yes,Yes,Yes,Yes,Yes,Yes,Yes,Yes,Yes,Yes,Yes,Yes,Yes,Yes,,,,,,,,,,,,,,,,,,,,,,,,,,,,4,4,4,4,4,5
Thange,Female,43,Secondary,5000,4,No,Green gram,10,4,4,4,4,4,5,3,4,4,4,4,4,4,4,2,4,3,2,1.0,10.0,9.0,50.0,900.0,850.0,60,120,60,2000,70000,68000,1,6,5,Yes,Yes,Yes,Yes,Yes,Yes,Yes,Yes,Yes,Yes,Yes,Yes,Yes,Yes,Yes,Yes,,,,,,,,,,,,,,,,,,,,,,,,,,,,4,4,4,4,4,5
Thange,Male,56,Primary,5000,4,Yes,Green gram,2,4,4,4,4,5,5,4,4,5,4,5,4,4,5,2,4,4,2,1.0,2.0,1.0,250.0,350.0,100.0,70,100,30,50000,60000,10000,2,2,0,Yes,Yes,Yes,Yes,Yes,Yes,Yes,Yes,Yes,Yes,Yes,Yes,Yes,Yes,Yes,Yes,,,,,,,,,,,,,,,,,,,,,,,,,,,,4,4,4,4,4,5
Thange,Female,42,Primary,6000,3,No,Green gram,4,4,4,4,4,4,4,4,4,4,4,4,4,4,5,4,4,3,4,1.0,1.0,0.0,135.0,50.0,-85.0,50,100,50,5000,4000,-1000,1,1,0,Yes,Yes,Yes,Yes,Yes,Yes,Yes,Yes,Yes,Yes,Yes,Yes,Yes,Yes,Yes,Yes,,,,,,,,,,,,,,,,,,,,,,,,,,,,4,2,4,2,4,5
Thange,Female,48,Primary,1000,5,No,Green gram,10,4,4,4,4,4,4,4,4,3,4,4,3,4,4,2,4,4,4,1.0,1.0,0.0,10.0,70.0,60.0,0,80,80,0,4000,4000,1,1,0,Yes,Yes,Yes,No,Yes,No,Yes,Yes,Yes,Yes,Yes,No,Yes,Yes,Yes,No,,,,,,,,,,,,,,,,,,,,,,,,,,,,4,4,4,4,4,4
Thange,Female,66,Primary,500,5,No,Green gram,4,4,4,4,4,4,4,4,3,4,4,4,3,4,4,4,4,4,4,2.0,2.0,0.0,80.0,90.0,10.0,40,70,30,6000,9000,3000,3,2,-1,Yes,Yes,Yes,Yes,Yes,Yes,Yes,No,Yes,Yes,Yes,No,Yes,Yes,Yes,No,,,,,,,,,,,,,,,,,,,,,,,,,,,,4,4,4,4,4,4
Thange,Female,51,Primary,3000,6,Yes,Green gram,5,4,4,4,4,4,4,4,4,4,4,4,4,4,4,2,5,4,4,0.0,3.0,3.0,20.0,270.0,250.0,30,100,70,0,70000,70000,4,4,0,Yes,Yes,Yes,Yes,Yes,Yes,Yes,Yes,Yes,Yes,Yes,Yes,Yes,Yes,Yes,Yes,,,,,,,,,,,,,,,,,,,,,,,,,,,,4,4,4,4,4,4
Thange,Female,49,Secondary,10000,6,No,Green gram,5,4,4,4,4,4,4,4,4,4,4,4,4,4,4,4,4,4,4,1.0,1.0,0.0,90.0,180.0,90.0,60,100,40,4500,15000,10500,1,1,0,Yes,Yes,Yes,Yes,Yes,Yes,Yes,Yes,Yes,Yes,Yes,Yes,Yes,Yes,Yes,No,,,,,,,,,,,,,,,,,,,,,,,,,,,,4,4,4,4,4,4
Thange,Male,64,Primary,10000,3,Yes,Green gram,8,4,4,4,4,4,4,4,4,4,4,5,4,5,4,3,4,4,4,1.0,1.0,0.0,25.0,70.0,45.0,0,100,100,0,5000,5000,1,1,0,Yes,Yes,Yes,Yes,Yes,Yes,Yes,Yes,Yes,Yes,Yes,Yes,Yes,Yes,Yes,Yes,,,,,,,,,,,,,,,,,,,,,,,,,,,,4,4,4,4,4,4
Thange,Female,55,Primary,1000,4,Yes,Green gram,9,4,4,4,4,4,4,4,4,4,5,4,4,4,4,4,4,4,4,1.0,2.0,1.0,10.0,40.0,30.0,0,80,80,0,5000,5000,2,3,1,Yes,Yes,Yes,Yes,Yes,Yes,Yes,Yes,Yes,Yes,Yes,No,Yes,Yes,Yes,No,,,,,,,,,,,,,,,,,,,,,,,,,,,,5,4,5,4,4,4
Thange,Female,55,Primary,0,5,Yes,Green gram,5,4,4,4,4,5,4,5,4,4,4,4,4,4,4,4,4,4,4,1.0,2.0,1.0,90.0,100.0,10.0,70,80,10,4500,12000,7500,5,5,0,Yes,Yes,Yes,Yes,Yes,Yes,Yes,Yes,Yes,No,Yes,No,Yes,Yes,Yes,Yes,,,,,,,,,,,,,,,,,,,,,,,,,,,,4,4,4,4,4,4
Thange,Female,60,Primary,500,5,Yes,Green gram,10,4,4,4,4,4,4,4,3,4,4,4,4,4,4,3,4,3,4,0.0,1.0,1.0,0.0,120.0,120.0,0,50,50,0,0,0,5000,1,-4999,Yes,Yes,Yes,Yes,Yes,Yes,Yes,Yes,Yes,Yes,Yes,No,Yes,Yes,Yes,No,,,,,,,,,,,,,,,,,,,,,,,,,,,,3,3,4,4,4,4
Thange,Female,63,Primary,500,6,Yes,Green gram,4,4,4,4,5,4,4,4,4,4,4,4,4,4,4,4,4,4,4,1.0,4.0,3.0,20.0,600.0,580.0,20,100,80,200,40000,39800,2,6,4,Yes,Yes,Yes,Yes,Yes,Yes,Yes,Yes,Yes,Yes,Yes,Yes,Yes,Yes,Yes,Yes,,,,,,,,,,,,,,,,,,,,,,,,,,,,4,4,4,4,4,4
Thange,Female,59,Primary,500,1,Yes,Green gram,4,4,4,4,4,4,4,4,4,4,4,4,3,4,5,4,4,4,4,2.0,3.0,1.0,100.0,250.0,150.0,40,90,50,5000,6000,1000,2,4,2,Yes,Yes,Yes,Yes,Yes,Yes,Yes,Yes,Yes,Yes,Yes,Yes,Yes,Yes,Yes,Yes,,,,,,,,,,,,,,,,,,,,,,,,,,,,4,5,4,4,4,4
Thange,Male,60,Secondary,1500,4,Yes,Green gram,20,4,4,4,4,4,4,4,4,4,4,4,4,4,4,4,4,4,4,0.0,1.0,1.0,50.0,0.0,-50.0,0,65,65,0,2500,2500,0,5,5,Yes,Yes,Yes,Yes,Yes,Yes,Yes,Yes,Yes,Yes,Yes,Yes,Yes,Yes,Yes,Yes,,,,,,,,,,,,,,,,,,,,,,,,,,,,3,4,4,4,4,4
Waia/Kako,Female,44,Secondary,5000,6,Yes,Green gram,3,5,4,5,5,4,5,4,4,4,4,4,5,5,4,4,4,4,4,2.0,6.0,4.0,100.0,180.0,80.0,90,150,60,120,10000,9880,0,0,0,Yes,Yes,Yes,Yes,Yes,Yes,Yes,Yes,Yes,Yes,Yes,Yes,Yes,Yes,Yes,Yes,,,,,,,,,,,,,,,,,,,,,,,,,,,,5,4,4,4,4,5
Waia/Kako,Male,32,Degree,10000,3,Yes,Green gram,2,5,5,5,5,5,5,5,4,4,4,4,4,5,4,4,5,4,4,2.0,5.0,3.0,100.0,120.0,20.0,90,110,20,120,150,30,0,0,0,Yes,Yes,Yes,Yes,Yes,Yes,Yes,Yes,Yes,Yes,Yes,Yes,Yes,Yes,Yes,Yes,,,,,,,,,,,,,,,,,,,,,,,,,,,,5,4,4,4,4,4
Mtito Andei,Female,34,Secondary,5000,6,No,Green gram,6,5,5,5,5,5,5,5,5,5,5,5,5,5,5,5,5,4,5,1.0,4.0,3.0,50.0,100.0,50.0,70,100,30,7000,40000,33000,0,1,1,Yes,Yes,Yes,Yes,Yes,Yes,Yes,Yes,Yes,Yes,Yes,Yes,Yes,Yes,Yes,Yes,,,,,,,,,,,,,,,,,,,,,,,,,,,,5,5,5,5,5,5
Mtito Andei,Male,65,Secondary,10000,6,Yes,Green gram,30,5,5,5,5,5,5,5,5,5,5,5,5,5,5,5,5,5,5,10.0,15.0,5.0,9000.0,10000.0,1000.0,60,90,30,90000,150000,60000,2,3,1,Yes,Yes,Yes,Yes,Yes,Yes,Yes,Yes,Yes,Yes,Yes,Yes,Yes,Yes,Yes,Yes,,,,,,,,,,,,,,,,,,,,,,,,,,,,5,5,5,5,5,5
Mtito Andei,Male,52,Primary,15000,6,Yes,Green gram,15,5,5,5,5,5,5,5,5,5,5,5,5,3,5,2,5,3,5,1.0,2.0,1.0,200.0,500.0,300.0,40,70,30,80000,350000,270000,0,0,0,Yes,Yes,Yes,Yes,Yes,Yes,Yes,Yes,Yes,Yes,Yes,Yes,Yes,Yes,Yes,Yes,,,,,,,,,,,,,,,,,,,,,,,,,,,,5,5,5,5,5,5
Mtito Andei,Female,45,Secondary,4000,5,No,Green gram,7,5,5,5,5,5,5,5,5,5,5,5,5,5,4,5,5,5,4,1.0,2.0,1.0,100.0,300.0,200.0,45,70,25,10000,30000,20000,1,1,0,Yes,Yes,Yes,Yes,Yes,Yes,Yes,Yes,Yes,Yes,Yes,Yes,Yes,Yes,Yes,Yes,,,,,,,,,,,,,,,,,,,,,,,,,,,,5,5,5,5,5,5
Mtito Andei,Female,38,Secondary,3000,4,No,Green gram,6,5,5,4,5,5,5,5,5,5,5,5,5,5,5,5,5,5,5,1.0,2.0,1.0,100.0,300.0,200.0,50,80,30,5000,24000,19000,1,1,0,Yes,Yes,Yes,Yes,Yes,Yes,Yes,Yes,Yes,Yes,Yes,Yes,Yes,Yes,Yes,Yes,,,,,,,,,,,,,,,,,,,,,,,,,,,,5,5,5,5,5,5
Mtito Andei,Male,26,Secondary,3500,3,No,Green gram,5,5,5,4,5,5,5,5,5,5,5,5,5,5,5,5,5,5,5,1.0,2.0,1.0,120.0,450.0,330.0,50,80,30,6000,36000,30000,1,1,0,Yes,Yes,Yes,Yes,Yes,Yes,Yes,Yes,Yes,Yes,Yes,Yes,Yes,Yes,Yes,Yes,,,,,,,,,,,,,,,,,,,,,,,,,,,,5,5,5,5,5,5
Mtito Andei,Male,52,Secondary,4000,5,Yes,Green gram,8,5,5,4,5,5,5,5,5,5,5,5,5,5,5,5,5,5,5,1.0,3.0,2.0,130.0,500.0,370.0,45,80,35,58500,80000,21500,1,1,0,Yes,Yes,Yes,Yes,Yes,Yes,Yes,Yes,Yes,Yes,Yes,Yes,Yes,Yes,Yes,Yes,,,,,,,,,,,,,,,,,,,,,,,,,,,,5,5,5,5,5,5
Mtito Andei,Female,34,Secondary,4000,4,No,Green gram,6,5,4,4,4,4,4,5,5,5,5,5,5,5,5,5,5,5,5,1.0,2.0,1.0,100.0,250.0,150.0,40,70,30,4000,17500,13500,1,1,0,Yes,Yes,Yes,Yes,Yes,Yes,Yes,Yes,Yes,Yes,Yes,Yes,Yes,Yes,Yes,Yes,,,,,,,,,,,,,,,,,,,,,,,,,,,,5,5,5,5,5,5
Mtito Andei,Male,48,Secondary,3500,5,Yes,Green gram,6,5,5,5,5,5,5,5,5,5,5,5,5,5,5,5,5,5,5,2.0,3.0,1.0,300.0,500.0,200.0,50,70,20,15000,35000,20000,1,1,0,Yes,Yes,Yes,Yes,Yes,Yes,Yes,Yes,Yes,Yes,Yes,Yes,Yes,Yes,Yes,Yes,,,,,,,,,,,,,,,,,,,,,,,,,,,,5,5,5,5,5,5
Mtito Andei,Male,24,Primary,3000,5,No,Green gram,5,5,4,4,5,5,5,5,5,5,5,5,5,5,5,5,5,5,5,1.0,2.0,1.0,120.0,400.0,280.0,50,70,20,6000,28000,22000,0,0,0,Yes,Yes,Yes,Yes,Yes,Yes,Yes,Yes,Yes,Yes,Yes,Yes,Yes,Yes,Yes,Yes,,,,,,,,,,,,,,,,,,,,,,,,,,,,5,5,5,5,5,5
Mtito Andei,Male,26,Secondary,4000,5,No,Green gram,7,5,5,5,4,5,5,4,5,3,5,5,5,5,5,5,5,5,5,1.0,2.0,1.0,200.0,450.0,250.0,50,80,30,10000,36000,26000,1,1,0,Yes,Yes,Yes,Yes,Yes,Yes,Yes,Yes,Yes,Yes,Yes,Yes,Yes,Yes,Yes,Yes,,,,,,,,,,,,,,,,,,,,,,,,,,,,5,5,5,5,5,5
Mtito Andei,Female,27,Secondary,4000,5,No,Green gram,8,5,5,5,5,5,5,5,5,5,5,5,5,5,5,5,5,5,5,1.0,2.0,1.0,300.0,600.0,300.0,45,70,25,13500,42000,28500,0,0,0,Yes,Yes,Yes,Yes,Yes,Yes,Yes,Yes,Yes,Yes,Yes,Yes,Yes,Yes,Yes,Yes,,,,,,,,,,,,,,,,,,,,,,,,,,,,5,5,5,5,5,5
Mtito Andei,Male,23,Secondary,4000,4,No,Green gram,4,5,5,5,5,5,5,5,5,5,5,5,5,5,4,5,5,5,5,1.0,2.0,1.0,150.0,500.0,350.0,45,80,35,6750,32000,25250,0,0,0,Yes,Yes,Yes,Yes,Yes,Yes,Yes,Yes,Yes,Yes,Yes,Yes,Yes,Yes,Yes,Yes,,,,,,,,,,,,,,,,,,,,,,,,,,,,5,5,5,5,5,5
Mtito Andei,Male,32,Secondary,3000,5,No,Green gram,6,5,5,4,5,5,5,5,5,5,5,5,5,5,5,5,5,5,5,2.0,3.0,1.0,100.0,200.0,100.0,50,90,40,10000,30000,20000,0,1,1,Yes,Yes,Yes,Yes,Yes,Yes,Yes,Yes,Yes,Yes,Yes,Yes,Yes,Yes,Yes,Yes,,,,,,,,,,,,,,,,,,,,,,,,,,,,5,5,4,4,4,5
Mtito Andei,Male,32,Secondary,2500,5,No,Green gram,4,5,5,4,5,5,5,5,5,5,5,5,5,5,5,5,5,5,5,1.0,2.0,1.0,150.0,350.0,200.0,45,80,35,13500,42000,28500,1,1,0,Yes,Yes,Yes,Yes,Yes,Yes,Yes,Yes,Yes,Yes,Yes,Yes,Yes,Yes,Yes,Yes,,,,,,,,,,,,,,,,,,,,,,,,,,,,5,5,5,5,5,5
Mtito Andei,Female,65,Secondary,15000,5,No,Green gram,10,2,4,4,4,4,5,4,4,5,4,4,4,4,4,2,4,2,4,3.0,6.0,3.0,120.0,180.0,60.0,60,120,60,25000,95000,70000,3,6,3,Yes,Yes,Yes,Yes,Yes,Yes,Yes,Yes,Yes,Yes,Yes,Yes,Yes,Yes,Yes,Yes,,,,,,,,,,,,,,,,,,,,,,,,,,,,4,4,4,4,4,4
Mtito Andei,Female,68,Primary,9000,6,Yes,Green gram,20,3,4,5,4,4,5,4,4,5,4,4,4,4,4,2,4,2,4,2.0,5.0,3.0,90.0,170.0,80.0,6500,120,-6380,12500,85000,72500,2,3,1,Yes,Yes,Yes,Yes,Yes,Yes,Yes,Yes,Yes,Yes,Yes,Yes,Yes,Yes,Yes,Yes,,,,,,,,,,,,,,,,,,,,,,,,,,,,4,4,4,4,4,4
Mtito Andei,Female,59,Primary,7000,6,Yes,Green gram,15,3,4,4,4,4,4,4,4,5,4,4,4,4,4,2,4,2,5,2.0,4.0,2.0,100.0,185.0,85.0,50,120,70,15000,60000,45000,2,3,1,Yes,Yes,Yes,Yes,Yes,Yes,Yes,Yes,Yes,Yes,Yes,Yes,Yes,Yes,Yes,Yes,,,,,,,,,,,,,,,,,,,,,,,,,,,,4,4,4,4,4,4
Mtito Andei,Female,60,Primary,8000,6,No,Green gram,10,2,4,4,4,4,4,4,4,5,4,4,4,4,4,2,4,2,4,4.0,4.0,0.0,90.0,170.0,80.0,60,100,40,15000,52000,37000,2,4,2,Yes,Yes,Yes,Yes,Yes,Yes,Yes,Yes,Yes,Yes,Yes,Yes,Yes,Yes,Yes,Yes,,,,,,,,,,,,,,,,,,,,,,,,,,,,4,4,4,4,4,4
Mtito Andei,Female,35,Secondary,10000,1,Yes,Green gram,5,3,4,4,4,4,4,4,4,4,4,4,4,4,4,2,4,2,3,1.0,3.0,2.0,120.0,160.0,40.0,50,100,50,5200,40000,34800,0,2,2,Yes,Yes,Yes,Yes,Yes,Yes,Yes,Yes,Yes,Yes,Yes,Yes,Yes,Yes,Yes,Yes,,,,,,,,,,,,,,,,,,,,,,,,,,,,4,4,4,4,4,4
Mtito Andei,Female,48,Secondary,12000,5,No,Green gram,10,3,4,4,4,4,4,4,4,4,4,4,4,4,4,2,4,2,4,2.0,6.0,4.0,110.0,160.0,50.0,60,120,60,12800,79300,66500,1,3,2,Yes,Yes,Yes,Yes,Yes,Yes,Yes,Yes,Yes,Yes,Yes,Yes,Yes,Yes,Yes,Yes,,,,,,,,,,,,,,,,,,,,,,,,,,,,4,4,4,4,4,4
Mtito Andei,Female,39,Secondary,15000,3,No,Green gram,8,3,4,4,4,4,4,4,4,4,4,4,4,4,4,2,4,3,4,2.0,4.0,2.0,100.0,180.0,80.0,65,100,35,13000,53000,40000,0,2,2,Yes,Yes,Yes,Yes,Yes,Yes,Yes,Yes,Yes,Yes,Yes,Yes,Yes,Yes,Yes,Yes,,,,,,,,,,,,,,,,,,,,,,,,,,,,4,4,4,4,4,4
Mtito Andei,Female,56,Secondary,12000,6,Yes,Green gram,15,3,4,4,4,4,4,4,4,5,4,4,4,4,4,2,4,2,4,4.0,7.0,3.0,90.0,160.0,70.0,50,80,30,14000,69000,55000,2,4,2,Yes,Yes,Yes,Yes,Yes,Yes,Yes,Yes,Yes,Yes,Yes,Yes,Yes,Yes,Yes,Yes,,,,,,,,,,,,,,,,,,,,,,,,,,,,4,4,4,4,4,4
Mtito Andei,Female,36,Secondary,15000,2,No,Green gram,5,3,4,4,4,4,4,4,4,4,4,4,4,4,4,2,4,2,3,2.0,4.0,2.0,100.0,140.0,40.0,65,100,35,10000,46000,36000,0,2,2,Yes,Yes,Yes,Yes,Yes,Yes,Yes,Yes,Yes,Yes,Yes,Yes,Yes,Yes,Yes,Yes,,,,,,,,,,,,,,,,,,,,,,,,,,,,4,4,4,4,4,4
Mtito Andei,Female,63,Primary,12000,6,Yes,Green gram,20,3,4,4,4,4,4,4,4,5,4,4,4,4,4,2,4,3,4,3.0,5.0,2.0,110.0,180.0,70.0,60,100,40,13000,70000,57000,2,3,1,Yes,Yes,Yes,Yes,Yes,Yes,Yes,Yes,Yes,Yes,Yes,Yes,Yes,Yes,Yes,Yes,,,,,,,,,,,,,,,,,,,,,,,,,,,,4,4,4,4,4,4
Mtito Andei,Female,56,Primary,15000,6,No,Green gram,15,3,4,4,4,4,4,4,4,4,4,4,4,4,4,2,4,3,4,3.0,7.0,4.0,100.0,170.0,70.0,60,110,50,12000,87000,75000,1,3,2,Yes,Yes,Yes,Yes,Yes,Yes,Yes,No,Yes,Yes,Yes,Yes,Yes,Yes,Yes,Yes,,,,,,,,,,,,,,,,,,,,,,,,,,,,4,4,4,4,4,4
Mtito Andei,Female,33,Secondary,11000,2,No,Green gram,5,3,4,4,4,4,4,4,4,4,4,4,4,4,4,2,4,2,3,1.0,4.0,3.0,90.0,160.0,70.0,60,120,60,4000,52000,48000,0,2,2,Yes,Yes,Yes,Yes,Yes,Yes,Yes,Yes,Yes,Yes,Yes,Yes,Yes,Yes,Yes,Yes,,,,,,,,,,,,,,,,,,,,,,,,,,,,4,4,4,4,4,4
Mtito Andei,Female,32,Secondary,13000,2,No,Green gram,5,3,4,4,4,4,4,4,4,4,4,4,4,4,4,2,4,3,3,1.0,3.0,2.0,120.0,160.0,40.0,60,100,40,5000,42000,37000,0,2,2,Yes,Yes,Yes,Yes,Yes,Yes,Yes,Yes,Yes,Yes,Yes,Yes,Yes,Yes,Yes,Yes,,,,,,,,,,,,,,,,,,,,,,,,,,,,4,4,4,4,4,4
Waia/Kako,Female,40,Secondary,30000,4,Yes,Green gram,4,5,4,4,4,4,4,4,4,4,4,4,4,4,4,4,5,4,2,0.0,100.0,100.0,0.0,20.0,20.0,0,120,120,0,12000,12000,0,1,1,Yes,Yes,Yes,Yes,Yes,Yes,Yes,Yes,Yes,Yes,Yes,Yes,Yes,Yes,Yes,Yes,,,,,,,,,,,,,,,,,,,,,,,,,,,,4,4,4,4,4,4
Waia/Kako,Female,45,Certificate,25000,3,Yes,Green gram,4,5,4,4,4,4,4,4,4,4,4,4,4,4,4,2,4,4,4,0.0,2.0,2.0,0.0,50.0,50.0,0,100,100,0,10000,10000,10,1,-9,Yes,Yes,Yes,Yes,Yes,Yes,Yes,Yes,Yes,Yes,Yes,Yes,Yes,Yes,Yes,Yes,,,,,,,,,,,,,,,,,,,,,,,,,,,,4,4,4,4,4,4
Waia/Kako,Male,43,Secondary,27000,4,Yes,Green gram,4,4,4,4,4,4,4,4,5,5,4,5,4,4,4,2,4,4,2,1.0,4.0,3.0,0.0,50.0,50.0,0,110,110,0,25000,25000,0,1,1,Yes,Yes,Yes,Yes,Yes,Yes,Yes,Yes,Yes,Yes,Yes,Yes,Yes,Yes,Yes,Yes,,,,,,,,,,,,,,,,,,,,,,,,,,,,4,4,4,4,4,4
Waia/Kako,Male,50,Secondary,35000,5,Yes,Green gram,4,5,5,4,5,5,5,5,4,5,4,4,4,5,4,2,5,4,2,2.0,3.0,1.0,10.0,50.0,40.0,90,120,30,1800,16000,14200,1,2,1,Yes,Yes,Yes,Yes,Yes,Yes,Yes,Yes,Yes,Yes,Yes,Yes,Yes,Yes,Yes,Yes,,,,,,,,,,,,,,,,,,,,,,,,,,,,4,4,5,4,4,5
Waia/Kako,Male,47,Secondary,25000,4,Yes,Green gram,4,4,4,4,5,5,5,5,4,4,4,5,4,4,4,2,5,4,2,1.0,2.0,1.0,10.0,50.0,40.0,90,120,30,900,12000,11100,0,1,1,Yes,Yes,Yes,Yes,Yes,Yes,Yes,Yes,Yes,Yes,Yes,Yes,Yes,Yes,Yes,Yes,,,,,,,,,,,,,,,,,,,,,,,,,,,,4,5,4,5,4,5
Waia/Kako,Female,60,Primary,45000,3,Yes,Green gram,4,4,4,4,4,4,4,4,5,5,5,5,5,4,4,2,5,4,2,1.0,2.0,1.0,20.0,100.0,80.0,90,100,10,1800,10000,8200,0,1,1,Yes,Yes,Yes,Yes,Yes,Yes,Yes,Yes,Yes,Yes,Yes,Yes,Yes,Yes,Yes,Yes,,,,,,,,,,,,,,,,,,,,,,,,,,,,5,5,5,4,4,4
Tulimani,Male,68,Primary,400,6,Yes,Indigenous chicken,5,5,5,5,5,5,5,5,5,5,5,5,5,5,5,3,5,5,5,,,,,,,300,1000,700,6000,70000,64000,1,1,0,,,Yes,Yes,,,,,,,,,,,,,,,,,,,,,,20.0,35.0,15.0,1.0,2.0,1.0,Yes,Yes,Yes,Yes,Yes,Yes,Yes,Yes,Yes,Yes,Yes,Yes,5,5,5,5,5,5
Tulimani,Male,74,Primary,1500,5,Yes,Indigenous chicken,5,5,5,5,5,5,5,5,5,5,5,5,5,5,5,4,5,5,5,,,,,,,200,1000,800,3600,80000,76400,1,2,1,,,Yes,Yes,,,,,,,,,,,,,,,,,,,,,,18.0,80.0,62.0,1.0,1.0,0.0,Yes,Yes,Yes,Yes,Yes,Yes,Yes,Yes,Yes,Yes,Yes,Yes,5,5,5,5,5,5
Tulimani,Male,80,Secondary,2500,6,Yes,Indigenous chicken,5,5,5,5,5,5,5,5,5,5,5,5,5,5,5,4,5,5,5,,,,,,,300,1000,700,7500,80000,72500,1,1,0,,,Yes,Yes,,,,,,,,,,,,,,,,,,,,,,25.0,40.0,15.0,1.0,2.0,1.0,Yes,Yes,Yes,Yes,Yes,Yes,Yes,Yes,Yes,Yes,Yes,Yes,5,5,5,5,5,5
Tulimani,Male,74,Primary,2000,6,Yes,Indigenous chicken,5,5,5,5,5,5,5,5,5,5,5,5,5,5,5,4,5,5,5,,,,,,,500,1000,500,1500,10000,8500,1,1,0,,,Yes,Yes,,,,,,,,,,,,,,,,,,,,,,3.0,10.0,7.0,1.0,1.0,0.0,Yes,Yes,Yes,Yes,Yes,Yes,Yes,Yes,Yes,Yes,Yes,Yes,5,5,5,5,5,5
Tulimani,Female,71,Primary,2000,4,Yes,Indigenous chicken,5,5,5,5,5,5,5,5,5,5,5,5,5,5,5,4,5,5,5,,,,,,,500,1000,500,10000,200000,190000,1,2,1,,,Yes,Yes,,,,,,,,,,,,,,,,,,,,,,20.0,100.0,80.0,1.0,2.0,1.0,Yes,Yes,Yes,Yes,Yes,Yes,Yes,Yes,Yes,Yes,Yes,Yes,5,5,5,5,5,5
Tulimani,Male,67,Secondary,20000,4,Yes,Indigenous chicken,5,5,5,5,5,5,5,5,5,5,5,5,5,5,5,4,5,5,5,,,,,,,800,1000,200,16000,60000,44000,1,3,2,,,Yes,Yes,,,,,,,,,,,,,,,,,,,,,,20.0,30.0,10.0,1.0,2.0,1.0,Yes,Yes,Yes,Yes,Yes,Yes,Yes,Yes,Yes,Yes,Yes,Yes,5,5,5,5,5,5
Tulimani,Female,68,Primary,2000,6,Yes,Indigenous chicken,5,5,5,5,5,5,5,5,5,5,5,5,5,5,5,4,5,5,5,,,,,,,500,1000,500,5000,72000,67000,1,1,0,,,Yes,Yes,,,,,,,,,,,,,,,,,,,,,,10.0,24.0,14.0,1.0,3.0,2.0,Yes,Yes,Yes,Yes,Yes,Yes,Yes,Yes,Yes,Yes,Yes,Yes,5,5,5,5,5,5
Tulimani,Male,68,Primary,1000,6,Yes,Indigenous chicken,5,5,5,5,5,5,5,5,5,5,5,5,5,5,5,4,5,5,5,,,,,,,500,1000,500,2500,10000,7500,1,1,0,,,Yes,Yes,,,,,,,,,,,,,,,,,,,,,,5.0,10.0,5.0,1.0,1.0,0.0,Yes,Yes,Yes,Yes,Yes,Yes,Yes,Yes,Yes,Yes,Yes,Yes,5,5,5,5,5,5
Tulimani,Male,66,Secondary,3000,2,Yes,Indigenous chicken,5,5,5,5,5,5,5,5,5,5,5,5,5,5,5,4,5,5,5,,,,,,,400,1000,600,16000,150000,134000,1,2,1,,,Yes,Yes,,,,,,,,,,,,,,,,,,,,,,20.0,50.0,30.0,2.0,3.0,1.0,Yes,Yes,Yes,Yes,Yes,Yes,Yes,Yes,Yes,Yes,Yes,Yes,5,5,5,5,5,5
Tulimani,Male,51,Secondary,10000,6,No,Indigenous chicken,5,5,5,5,5,5,5,5,5,5,5,5,5,4,5,5,5,5,5,,,,,,,400,700,300,8000,84000,76000,1,1,0,,,Yes,Yes,,,,,,,,,,,,,,,,,,,,,,10.0,40.0,30.0,2.0,3.0,1.0,Yes,Yes,Yes,Yes,Yes,Yes,Yes,Yes,Yes,Yes,Yes,Yes,5,5,5,5,5,5
Tulimani,Female,80,Primary,500,1,No,Indigenous chicken,2,5,5,5,5,5,5,5,5,5,5,5,5,4,5,3,5,5,5,,,,,,,600,800,200,6000,16000,10000,1,1,0,,,Yes,Yes,,,,,,,,,,,,,,,,,,,,,,10.0,20.0,10.0,1.0,1.0,0.0,Yes,Yes,Yes,Yes,Yes,Yes,Yes,Yes,Yes,Yes,Yes,Yes,5,5,5,5,5,5
Tulimani,Female,51,Secondary,1000,5,Yes,Indigenous chicken,5,5,5,5,5,5,5,5,5,5,5,5,5,5,5,5,5,5,5,,,,,,,500,700,200,6500,14700,8200,1,1,0,,,Yes,Yes,,,,,,,,,,,,,,,,,,,,,,13.0,21.0,8.0,1.0,1.0,0.0,Yes,Yes,Yes,Yes,Yes,Yes,Yes,Yes,Yes,Yes,Yes,Yes,5,5,5,5,5,5
Tulimani,Female,63,Secondary,4000,6,Yes,Indigenous chicken,5,5,5,5,5,5,5,5,5,5,5,5,5,5,5,4,5,5,5,,,,,,,300,600,300,6000,120000,114000,1,2,1,,,Yes,Yes,,,,,,,,,,,,,,,,,,,,,,20.0,200.0,180.0,1.0,1.0,0.0,Yes,Yes,Yes,Yes,Yes,Yes,Yes,Yes,Yes,Yes,Yes,Yes,5,5,5,5,5,5
Tulimani,Female,58,Primary,1000,2,No,Indigenous chicken,5,5,5,5,5,5,5,5,5,5,5,5,5,5,5,5,5,5,5,,,,,,,500,750,250,6000,15000,9000,1,1,0,,,Yes,Yes,,,,,,,,,,,,,,,,,,,,,,12.0,20.0,8.0,1.0,1.0,0.0,Yes,Yes,Yes,Yes,Yes,Yes,Yes,Yes,Yes,Yes,Yes,Yes,5,5,5,5,5,5
Tulimani,Female,85,Primary,500,6,Yes,Indigenous chicken,5,5,5,5,5,5,5,5,5,5,5,5,5,5,5,5,5,5,5,,,,,,,250,500,250,250,5000,4750,1,1,0,,,Yes,Yes,,,,,,,,,,,,,,,,,,,,,,1.0,10.0,9.0,1.0,1.0,0.0,Yes,Yes,Yes,Yes,Yes,Yes,Yes,Yes,Yes,Yes,Yes,Yes,5,5,5,5,5,5
Tulimani,Female,57,Primary,3000,2,Yes,Indigenous chicken,5,5,5,5,5,5,5,5,5,5,5,5,5,5,5,4,5,5,3,,,,,,,500,1000,500,5000,50000,45000,1,1,0,,,Yes,Yes,,,,,,,,,,,,,,,,,,,,,,10.0,50.0,40.0,2.0,3.0,1.0,Yes,Yes,Yes,Yes,Yes,Yes,Yes,Yes,Yes,Yes,Yes,Yes,5,5,5,5,5,5
Tulimani,Female,60,Primary,2000,3,Yes,Indigenous chicken,5,5,5,5,5,5,5,5,5,5,5,5,5,5,5,4,5,5,5,,,,,,,700,1000,300,7000,20000,13000,1,1,0,,,Yes,Yes,,,,,,,,,,,,,,,,,,,,,,10.0,20.0,10.0,1.0,1.0,0.0,Yes,Yes,Yes,Yes,Yes,Yes,Yes,Yes,Yes,Yes,Yes,Yes,5,5,5,5,5,5
Tulimani,Female,48,Secondary,50000,1,No,Indigenous chicken,5,5,5,5,5,5,5,5,5,5,5,5,5,5,5,5,5,5,5,,,,,,,300,1000,700,1500,50000,48500,1,2,1,,,Yes,Yes,,,,,,,,,,,,,,,,,,,,,,5.0,25.0,20.0,1.0,2.0,1.0,Yes,Yes,Yes,Yes,Yes,Yes,Yes,Yes,Yes,Yes,Yes,Yes,5,5,5,5,5,5
Tulimani,Female,51,Primary,1000,4,No,Indigenous chicken,5,5,5,5,5,5,5,5,5,5,5,5,5,5,5,5,5,5,5,,,,,,,300,700,400,6000,17500,11500,1,1,0,,,Yes,Yes,,,,,,,,,,,,,,,,,,,,,,20.0,25.0,5.0,1.0,1.0,0.0,Yes,Yes,Yes,Yes,Yes,Yes,Yes,Yes,Yes,Yes,Yes,Yes,5,5,5,5,5,5
Tulimani,Female,53,Secondary,6000,1,No,Indigenous chicken,5,5,5,5,5,5,5,5,5,5,5,5,5,5,5,5,5,5,5,,,,,,,400,1000,600,2400,40000,37600,1,1,0,,,Yes,Yes,,,,,,,,,,,,,,,,,,,,,,6.0,20.0,14.0,1.0,2.0,1.0,Yes,Yes,Yes,Yes,Yes,Yes,Yes,Yes,Yes,Yes,Yes,Yes,5,5,5,5,5,5
Tulimani,Female,75,Primary,3000,6,Yes,Indigenous chicken,5,5,5,5,5,5,5,5,5,5,5,5,5,5,5,5,5,5,5,,,,,,,500,800,300,1500,12000,10500,1,1,0,,,Yes,Yes,,,,,,,,,,,,,,,,,,,,,,3.0,15.0,12.0,1.0,1.0,0.0,Yes,Yes,Yes,Yes,Yes,Yes,Yes,Yes,Yes,Yes,Yes,Yes,5,5,5,5,5,5
Tulimani,Male,44,Primary,1000,4,Yes,Indigenous chicken,5,5,5,5,5,5,5,5,5,5,5,5,5,5,5,5,5,5,5,,,,,,,400,800,400,800,72000,71200,1,1,0,,,Yes,Yes,,,,,,,,,,,,,,,,,,,,,,2.0,30.0,28.0,1.0,3.0,2.0,Yes,Yes,Yes,Yes,Yes,Yes,Yes,Yes,Yes,Yes,Yes,Yes,5,5,5,5,5,5
Tulimani,Female,65,Secondary,10000,5,Yes,Indigenous chicken,5,5,5,5,5,5,5,5,5,5,5,5,5,5,5,4,5,5,5,,,,,,,500,1500,1000,15000,450000,435000,1,1,0,,,Yes,Yes,,,,,,,,,,,,,,,,,,,,,,30.0,100.0,70.0,1.0,3.0,2.0,Yes,Yes,Yes,Yes,Yes,Yes,Yes,Yes,Yes,Yes,Yes,Yes,5,5,5,5,5,5
Tulimani,Male,70,Primary,400,2,Yes,Indigenous chicken,5,5,5,5,5,5,5,5,5,5,5,5,5,5,5,4,5,5,5,,,,,,,500,1000,500,6000,56000,50000,1,1,0,,,Yes,Yes,,,,,,,,,,,,,,,,,,,,,,12.0,28.0,16.0,1.0,2.0,1.0,Yes,Yes,Yes,Yes,Yes,Yes,Yes,Yes,Yes,Yes,Yes,Yes,5,5,5,5,5,5
Tulimani,Female,71,Primary,500,3,No,Indigenous chicken,5,5,5,5,5,5,5,5,5,5,5,5,5,5,5,4,5,5,5,,,,,,,500,1000,500,5000,20000,15000,1,1,0,,,Yes,Yes,,,,,,,,,,,,,,,,,,,,,,10.0,20.0,10.0,1.0,1.0,0.0,Yes,Yes,Yes,Yes,Yes,Yes,Yes,Yes,Yes,Yes,Yes,Yes,5,5,5,5,5,5
Tulimani,Female,65,Secondary,300,2,No,Indigenous chicken,5,5,5,5,5,5,5,5,5,5,5,5,5,5,5,4,5,5,5,,,,,,,600,1000,400,12000,120000,108000,1,1,0,,,Yes,Yes,,,,,,,,,,,,,,,,,,,,,,20.0,30.0,10.0,1.0,3.0,2.0,Yes,Yes,Yes,Yes,Yes,Yes,Yes,Yes,Yes,Yes,Yes,Yes,5,5,3,5,5,4
Tulimani,Male,74,Primary,4000,6,Yes,Indigenous chicken,5,5,5,5,5,5,5,5,5,5,5,5,5,5,5,4,5,5,5,,,,,,,400,1000,600,20000,200000,180000,1,2,1,,,Yes,Yes,,,,,,,,,,,,,,,,,,,,,,50.0,100.0,50.0,1.0,2.0,1.0,Yes,Yes,Yes,Yes,Yes,Yes,Yes,Yes,Yes,Yes,Yes,Yes,5,5,4,5,5,5
Tulimani,Male,61,Primary,9000,1,Yes,Indigenous chicken,5,5,5,5,5,5,5,5,5,5,5,5,5,5,5,4,5,5,5,,,,,,,0,1000,1000,0,10000,10000,0,1,1,,,Yes,Yes,,,,,,,,,,,,,,,,,,,,,,0.0,10.0,10.0,0.0,1.0,1.0,Yes,Yes,Yes,Yes,Yes,Yes,Yes,Yes,Yes,Yes,Yes,Yes,5,5,5,5,5,5
Tulimani,Male,63,Secondary,3000,2,Yes,Indigenous chicken,5,5,5,5,5,5,5,5,5,5,5,5,5,5,5,4,5,5,5,,,,,,,500,800,300,10000,72000,62000,1,1,0,,,Yes,Yes,,,,,,,,,,,,,,,,,,,,,,20.0,30.0,10.0,1.0,3.0,2.0,Yes,Yes,Yes,Yes,Yes,Yes,Yes,Yes,Yes,Yes,Yes,Yes,5,5,4,5,5,5
Tulimani,Male,55,Diploma,10000,4,Yes,Indigenous chicken,5,5,5,5,5,5,5,5,5,5,5,5,5,5,5,3,5,5,4,,,,,,,500,700,200,2500,63000,60500,1,1,0,,,Yes,Yes,,,,,,,,,,,,,,,,,,,,,,5.0,30.0,25.0,1.0,3.0,2.0,Yes,Yes,Yes,Yes,Yes,Yes,Yes,Yes,Yes,Yes,Yes,Yes,5,5,5,5,5,5
Tulimani,Male,64,Primary,2000,6,Yes,Indigenous chicken,5,5,5,5,5,5,5,5,5,5,5,5,5,5,5,4,5,5,5,,,,,,,400,800,400,800,80000,79200,1,1,0,,,Yes,Yes,,,,,,,,,,,,,,,,,,,,,,2.0,50.0,48.0,1.0,2.0,1.0,Yes,Yes,Yes,Yes,Yes,Yes,Yes,Yes,Yes,Yes,Yes,Yes,5,5,5,5,5,5
Tulimani,Female,32,Secondary,5000,4,Yes,Indigenous chicken,5,5,5,5,5,5,5,5,5,5,5,5,5,5,5,4,5,5,5,,,,,,,500,800,300,5000,20000,15000,1,1,0,,,Yes,Yes,,,,,,,,,,,,,,,,,,,,,,10.0,25.0,15.0,1.0,2.0,1.0,Yes,Yes,Yes,Yes,Yes,Yes,Yes,Yes,Yes,Yes,Yes,Yes,5,5,5,5,5,5
Tulimani,Male,78,Primary,3000,4,Yes,Indigenous chicken,5,5,5,5,5,5,5,5,5,5,5,5,4,5,5,4,5,5,5,,,,,,,400,1000,600,4000,80000,76000,1,2,1,,,Yes,Yes,,,,,,,,,,,,,,,,,,,,,,10.0,40.0,30.0,1.0,2.0,1.0,Yes,Yes,Yes,Yes,Yes,Yes,Yes,Yes,Yes,Yes,Yes,Yes,5,5,4,5,5,5
Tulimani,Male,60,Secondary,5000,3,Yes,Indigenous chicken,5,5,5,5,5,5,5,5,5,5,5,5,5,5,5,4,5,5,5,,,,,,,300,1000,700,6000,40000,34000,1,1,0,,,Yes,Yes,,,,,,,,,,,,,,,,,,,,,,20.0,40.0,20.0,1.0,1.0,0.0,Yes,Yes,Yes,Yes,Yes,Yes,Yes,Yes,Yes,Yes,Yes,Yes,5,5,5,5,5,4
Tulimani,Male,56,Secondary,2000,3,Yes,Indigenous chicken,5,5,5,5,5,5,5,5,5,5,5,5,5,5,5,4,5,5,5,,,,,,,500,700,200,12500,35000,22500,1,1,0,,,Yes,Yes,,,,,,,,,,,,,,,,,,,,,,25.0,50.0,25.0,1.0,2.0,1.0,Yes,Yes,Yes,Yes,Yes,Yes,Yes,Yes,Yes,Yes,Yes,Yes,5,5,5,5,5,5
Tulimani,Female,26,Primary,4000,4,No,Indigenous chicken,5,5,5,5,5,5,5,5,5,5,5,5,5,5,5,4,5,5,5,,,,,,,500,800,300,5000,48000,43000,1,1,0,,,Yes,Yes,,,,,,,,,,,,,,,,,,,,,,10.0,30.0,20.0,1.0,2.0,1.0,Yes,Yes,Yes,Yes,Yes,Yes,Yes,Yes,Yes,Yes,Yes,Yes,5,5,5,5,5,5
Thange,Female,54,Secondary,500,2,No,Indigenous chicken,7,4,4,4,5,4,4,4,4,4,4,4,4,4,4,4,4,4,5,,,,,,,400,1000,600,1200,5000,3800,1,1,0,,,Yes,Yes,,,,,,,,,,,,,,,,,,,,,,10.0,20.0,10.0,3.0,5.0,2.0,Yes,Yes,Yes,No,Yes,No,Yes,Yes,Yes,Yes,Yes,Yes,4,5,4,4,5,5
Thange,Male,50,Primary,5000,3,Yes,Indigenous chicken,25,4,4,4,4,5,4,4,4,5,4,4,4,4,4,4,4,4,5,,,,,,,500,1000,500,900,10000,9100,1,2,1,,,Yes,Yes,,,,,,,,,,,,,,,,,,,,,,20.0,10.0,-10.0,0.0,2.0,2.0,Yes,Yes,Yes,No,Yes,No,Yes,Yes,Yes,Yes,Yes,Yes,4,4,4,4,4,4
Thange,Female,40,Secondary,8000,1,No,Indigenous chicken,10,4,4,4,4,4,5,4,4,4,4,4,4,4,4,2,4,3,2,,,,,,,150,800,650,1000,9000,8000,1,1,0,,,Yes,Yes,,,,,,,,,,,,,,,,,,,,,,2.0,50.0,48.0,2.0,3.0,1.0,Yes,Yes,Yes,Yes,Yes,Yes,Yes,Yes,Yes,Yes,Yes,Yes,4,5,4,4,4,5
Thange,Male,49,Diploma,1000,1,Yes,Indigenous chicken,20,4,4,5,5,5,5,3,3,4,4,4,4,5,5,2,4,4,3,,,,,,,150,800,650,1000,12000,11000,1,1,0,,,Yes,Yes,,,,,,,,,,,,,,,,,,,,,,10.0,50.0,40.0,3.0,6.0,3.0,Yes,No,Yes,Yes,Yes,Yes,Yes,Yes,Yes,Yes,Yes,Yes,4,4,4,4,5,5
Thange,Male,70,Degree,25000,3,Yes,Indigenous chicken,7,4,5,4,4,4,5,4,4,4,4,4,4,5,4,4,4,4,5,,,,,,,0,60,60,0,3000,3000,1,2,1,,,Yes,Yes,,,,,,,,,,,,,,,,,,,,,,70.0,25.0,-45.0,2.0,4.0,2.0,Yes,Yes,Yes,Yes,Yes,Yes,Yes,Yes,Yes,Yes,Yes,Yes,4,3,4,4,4,5
Thange,Male,56,Diploma,10000,5,Yes,Indigenous chicken,2,4,4,4,4,4,4,3,4,4,4,4,4,4,4,2,4,4,5,,,,,,,800,1000,200,0,20000,20000,0,1,1,,,Yes,Yes,,,,,,,,,,,,,,,,,,,,,,7.0,500.0,493.0,3.0,0.0,-3.0,Yes,Yes,Yes,Yes,Yes,Yes,Yes,Yes,Yes,Yes,Yes,Yes,4,4,5,4,4,4
Thange,Female,41,Secondary,10000,2,No,Indigenous chicken,15,4,4,4,5,5,5,4,4,4,4,4,3,4,4,4,4,4,2,,,,,,,400,800,400,12000,15000,3000,1,1,0,,,Yes,Yes,,,,,,,,,,,,,,,,,,,,,,20.0,27.0,7.0,3.0,4.0,1.0,Yes,Yes,Yes,Yes,Yes,Yes,Yes,Yes,Yes,Yes,Yes,Yes,4,4,4,4,4,4
Thange,Female,66,Primary,500,2,No,Indigenous chicken,20,4,4,4,4,4,5,4,4,4,4,4,4,4,4,4,4,4,5,,,,,,,500,900,400,3000,5000,2000,0,0,0,,,Yes,Yes,,,,,,,,,,,,,,,,,,,,,,30.0,50.0,20.0,3.0,3.0,0.0,Yes,Yes,Yes,Yes,Yes,Yes,Yes,Yes,Yes,Yes,Yes,Yes,4,4,4,4,4,4
Thange,Female,42,Primary,20000,3,No,Indigenous chicken,20,4,4,4,4,4,5,4,4,4,4,4,4,4,4,4,4,4,4,,,,,,,300,800,500,20000,40000,20000,0,0,0,,,Yes,Yes,,,,,,,,,,,,,,,,,,,,,,17.0,30.0,13.0,4.0,5.0,1.0,Yes,Yes,Yes,Yes,Yes,Yes,Yes,Yes,Yes,Yes,Yes,Yes,4,4,5,4,4,4
Thange,Female,41,Primary,2000,6,No,Indigenous chicken,19,4,4,4,4,4,4,4,4,4,5,5,2,4,4,4,4,4,5,,,,,,,350,750,400,2000,5000,3000,0,0,0,,,Yes,Yes,,,,,,,,,,,,,,,,,,,,,,50.0,34.0,-16.0,2.0,0.0,-2.0,Yes,Yes,Yes,Yes,Yes,Yes,Yes,Yes,Yes,Yes,Yes,Yes,3,3,4,3,3,5
Thange,Female,49,Primary,5000,5,No,Indigenous chicken,10,4,4,4,4,4,5,4,3,5,5,5,3,5,5,2,4,4,5,,,,,,,200,500,300,3000,6000,3000,0,0,0,,,Yes,Yes,,,,,,,,,,,,,,,,,,,,,,10.0,40.0,30.0,3.0,6.0,3.0,Yes,Yes,Yes,Yes,Yes,Yes,Yes,Yes,Yes,Yes,Yes,Yes,4,4,4,4,3,5
Thange,Female,40,Primary,4000,2,No,Indigenous chicken,10,4,5,4,4,4,5,4,3,4,5,5,4,5,5,2,4,4,4,,,,,,,400,1000,600,5000,20000,15000,0,0,0,,,Yes,Yes,,,,,,,,,,,,,,,,,,,,,,10.0,20.0,10.0,3.0,6.0,3.0,Yes,Yes,Yes,Yes,Yes,Yes,Yes,Yes,Yes,Yes,Yes,Yes,4,4,5,4,3,5
Thange,Male,40,Primary,20000,6,Yes,Indigenous chicken,3,4,4,4,4,4,5,4,4,5,5,4,3,5,5,2,4,3,4,,,,,,,600,800,200,30000,70000,40000,0,1,1,,,Yes,Yes,,,,,,,,,,,,,,,,,,,,,,60.0,150.0,90.0,1.0,3.0,2.0,Yes,Yes,Yes,Yes,Yes,Yes,Yes,Yes,Yes,Yes,Yes,Yes,4,4,4,4,4,5
Thange,Female,53,Primary,3000,6,No,Indigenous chicken,35,4,5,4,4,4,5,4,4,4,4,4,4,4,5,3,4,4,5,,,,,,,300,600,300,3000,20000,17000,0,0,0,,,Yes,Yes,,,,,,,,,,,,,,,,,,,,,,10.0,40.0,30.0,2.0,4.0,2.0,Yes,Yes,Yes,Yes,Yes,Yes,Yes,Yes,Yes,Yes,Yes,Yes,4,4,4,5,4,5
Tulimani,Female,63,Primary,2000,4,No,Indigenous chicken,5,5,5,5,5,5,5,5,5,5,5,5,5,5,5,5,5,5,5,,,,,,,500,1000,500,2500,20000,17500,1,1,0,,,Yes,Yes,,,,,,,,,,,,,,,,,,,,,,5.0,20.0,15.0,1.0,1.0,0.0,Yes,Yes,Yes,Yes,Yes,Yes,Yes,Yes,Yes,Yes,Yes,Yes,5,5,5,5,5,5
Waia/Kako,Female,46,Secondary,10000,5,No,Indigenous chicken,3,5,5,4,5,5,5,5,5,5,5,4,4,4,5,5,4,4,2,,,,,,,500,1000,500,5000,15000,10000,0,0,0,,,Yes,Yes,,,,,,,,,,,,,,,,,,,,,,10.0,20.0,10.0,3.0,5.0,2.0,Yes,Yes,Yes,Yes,Yes,Yes,Yes,Yes,Yes,Yes,Yes,Yes,4,5,5,5,5,5
Waia/Kako,Female,45,Secondary,16000,5,Yes,Indigenous chicken,4,5,5,4,5,4,5,4,5,4,5,5,5,5,5,5,5,4,2,,,,,,,400,1000,600,5000,20000,15000,0,0,0,,,Yes,Yes,,,,,,,,,,,,,,,,,,,,,,10.0,20.0,10.0,2.0,3.0,1.0,Yes,Yes,Yes,Yes,Yes,Yes,Yes,Yes,Yes,Yes,Yes,Yes,5,5,5,5,4,5
Waia/Kako,Female,65,Primary,15000,4,No,Indigenous chicken,4,5,5,5,5,4,5,4,5,4,5,4,4,5,5,5,5,5,2,,,,,,,400,1000,600,1000,10000,9000,0,0,0,,,Yes,Yes,,,,,,,,,,,,,,,,,,,,,,2.0,10.0,8.0,2.0,3.0,1.0,Yes,Yes,Yes,Yes,Yes,Yes,Yes,Yes,Yes,Yes,Yes,Yes,5,5,4,5,4,5
Waia/Kako,Female,45,Secondary,20000,3,Yes,Indigenous chicken,4,5,5,5,4,4,5,5,5,5,5,5,5,5,5,5,5,5,2,,,,,,,600,1000,400,10000,30000,20000,0,1,1,,,Yes,Yes,,,,,,,,,,,,,,,,,,,,,,30.0,350.0,320.0,7.0,10.0,3.0,Yes,Yes,Yes,Yes,Yes,Yes,Yes,Yes,Yes,Yes,Yes,Yes,5,5,5,5,5,5
Waia/Kako,Female,45,Secondary,15000,4,Yes,Indigenous chicken,4,5,5,5,5,5,4,5,5,4,5,5,5,4,5,5,5,5,5,,,,,,,400,1000,600,3000,15000,12000,0,0,0,,,Yes,Yes,,,,,,,,,,,,,,,,,,,,,,5.0,30.0,25.0,2.0,5.0,3.0,Yes,Yes,Yes,Yes,Yes,Yes,Yes,Yes,Yes,Yes,Yes,Yes,5,5,5,5,5,4
Waia/Kako,Female,45,Secondary,15000,6,No,Indigenous chicken,4,5,5,5,5,5,5,5,5,5,5,5,5,5,5,5,5,5,2,,,,,,,400,1100,700,5000,15000,10000,0,0,0,,,Yes,Yes,,,,,,,,,,,,,,,,,,,,,,5.0,38.0,33.0,2.0,4.0,2.0,Yes,Yes,Yes,Yes,Yes,Yes,Yes,Yes,Yes,Yes,Yes,Yes,5,4,5,5,4,5
Waia/Kako,Female,35,Certificate,10000,5,Yes,Indigenous chicken,4,5,5,5,5,5,5,5,5,5,5,5,5,5,5,5,5,5,2,,,,,,,400,1100,700,5000,20000,15000,0,0,0,,,Yes,Yes,,,,,,,,,,,,,,,,,,,,,,10.0,18.0,8.0,1.0,3.0,2.0,Yes,Yes,Yes,Yes,Yes,Yes,Yes,Yes,Yes,Yes,Yes,Yes,5,4,5,5,5,5
Waia/Kako,Female,43,Secondary,15000,3,Yes,Indigenous chicken,4,5,5,5,5,5,5,5,4,4,4,4,5,5,5,5,5,5,2,,,,,,,500,1000,500,6000,17000,11000,0,0,0,,,Yes,Yes,,,,,,,,,,,,,,,,,,,,,,10.0,25.0,15.0,3.0,5.0,2.0,Yes,Yes,Yes,Yes,Yes,Yes,Yes,Yes,Yes,Yes,Yes,Yes,5,4,5,5,5,5
Waia/Kako,Female,56,Primary,10000,5,Yes,Indigenous chicken,4,5,4,5,5,5,5,5,5,5,5,5,5,5,5,5,5,5,4,,,,,,,300,1100,800,7000,20000,13000,0,0,0,,,Yes,Yes,,,,,,,,,,,,,,,,,,,,,,3.0,40.0,37.0,1.0,8.0,7.0,Yes,Yes,Yes,Yes,Yes,Yes,Yes,Yes,Yes,Yes,Yes,Yes,5,4,5,5,5,4
Waia/Kako,Female,36,Certificate,20000,5,Yes,Indigenous chicken,4,5,5,5,5,5,5,5,5,5,5,5,4,4,5,5,4,5,2,,,,,,,450,1000,550,1000,10000,9000,0,0,0,,,Yes,Yes,,,,,,,,,,,,,,,,,,,,,,10.0,44.0,34.0,2.0,5.0,3.0,Yes,Yes,Yes,Yes,Yes,Yes,Yes,Yes,Yes,Yes,Yes,Yes,5,5,4,4,4,5
Waia/Kako,Male,62,Primary,20000,5,Yes,Indigenous chicken,4,5,5,4,5,4,5,5,4,5,5,5,4,5,4,5,4,5,2,,,,,,,500,1000,500,5000,10000,5000,0,0,0,,,Yes,Yes,,,,,,,,,,,,,,,,,,,,,,10.0,20.0,10.0,2.0,4.0,2.0,Yes,Yes,Yes,Yes,Yes,Yes,Yes,Yes,Yes,Yes,Yes,Yes,5,4,5,5,5,4
Waia/Kako,Female,73,Primary,20000,4,Yes,Indigenous chicken,5,5,5,5,5,5,4,5,4,5,4,5,4,5,5,4,5,5,5,,,,,,,350,1000,650,3000,10000,7000,0,0,0,,,Yes,Yes,,,,,,,,,,,,,,,,,,,,,,10.0,20.0,10.0,3.0,3.0,0.0,Yes,Yes,Yes,Yes,Yes,Yes,Yes,Yes,Yes,Yes,Yes,Yes,5,4,5,4,4,4
Waia/Kako,Female,69,Primary,15000,3,Yes,Indigenous chicken,4,5,4,5,5,5,4,5,5,5,4,5,4,5,5,5,5,4,5,,,,,,,400,800,400,3000,7000,4000,0,0,0,,,Yes,Yes,,,,,,,,,,,,,,,,,,,,,,3.0,7.0,4.0,2.0,4.0,2.0,Yes,Yes,Yes,Yes,Yes,Yes,Yes,Yes,Yes,Yes,Yes,Yes,5,4,5,4,4,5
Waia/Kako,Male,70,Primary,20000,4,Yes,Indigenous chicken,4,5,4,5,4,4,4,4,4,4,5,5,5,5,4,5,4,5,2,,,,,,,0,1000,1000,0,10000,10000,0,0,0,,,Yes,Yes,,,,,,,,,,,,,,,,,,,,,,0.0,20.0,20.0,0.0,4.0,4.0,Yes,Yes,Yes,Yes,Yes,Yes,Yes,Yes,Yes,Yes,Yes,Yes,5,4,5,5,5,5
Waia/Kako,Male,75,Primary,20000,4,Yes,Indigenous chicken,4,5,5,5,5,4,4,4,4,4,5,4,4,5,4,5,5,4,2,,,,,,,400,1000,600,3000,9000,6000,0,0,0,,,Yes,Yes,,,,,,,,,,,,,,,,,,,,,,10.0,18.0,8.0,2.0,4.0,2.0,Yes,Yes,Yes,Yes,Yes,Yes,Yes,Yes,Yes,Yes,Yes,Yes,5,4,5,5,4,4
Waia/Kako,Male,61,Primary,20000,2,Yes,Indigenous chicken,4,5,5,4,5,4,4,4,4,3,4,4,5,5,5,5,4,5,2,,,,,,,400,1000,600,15000,10000,-5000,0,0,0,,,Yes,Yes,,,,,,,,,,,,,,,,,,,,,,50.0,20.0,-30.0,5.0,2.0,-3.0,Yes,Yes,Yes,Yes,Yes,Yes,Yes,Yes,Yes,Yes,Yes,Yes,5,4,4,5,4,4
Waia/Kako,Female,42,Primary,40000,4,Yes,Indigenous chicken,4,5,5,4,5,5,5,5,4,5,5,4,4,4,5,5,5,5,2,,,,,,,0,1200,1200,0,20000,20000,0,0,0,,,Yes,Yes,,,,,,,,,,,,,,,,,,,,,,0.0,45.0,45.0,0.0,5.0,5.0,Yes,Yes,Yes,Yes,Yes,Yes,Yes,Yes,Yes,Yes,Yes,Yes,5,4,4,4,4,4
Waia/Kako,Female,59,Primary,30000,3,Yes,Indigenous chicken,4,5,5,4,5,5,5,4,4,4,4,4,5,5,5,5,5,4,2,,,,,,,400,1100,700,5000,20000,15000,0,0,0,,,Yes,Yes,,,,,,,,,,,,,,,,,,,,,,20.0,50.0,30.0,3.0,7.0,4.0,Yes,Yes,Yes,Yes,Yes,Yes,Yes,Yes,Yes,Yes,Yes,Yes,5,4,5,5,5,4
Waia/Kako,Female,50,Certificate,25000,6,Yes,Indigenous chicken,4,5,5,5,4,5,4,4,5,5,5,5,5,5,5,5,5,5,2,,,,,,,400,1000,600,10000,6000,-4000,0,0,0,,,Yes,Yes,,,,,,,,,,,,,,,,,,,,,,50.0,10.0,-40.0,4.0,6.0,2.0,Yes,Yes,Yes,Yes,Yes,Yes,Yes,Yes,Yes,Yes,Yes,Yes,5,5,4,4,5,4
Waia/Kako,Female,64,Diploma,20000,4,Yes,Indigenous chicken,4,5,5,4,4,4,4,4,5,5,5,5,5,5,5,4,5,4,2,,,,,,,300,1000,700,5000,10000,5000,0,0,0,,,Yes,Yes,,,,,,,,,,,,,,,,,,,,,,20.0,100.0,80.0,2.0,6.0,4.0,Yes,Yes,Yes,Yes,Yes,Yes,Yes,Yes,Yes,Yes,Yes,Yes,5,5,4,4,5,5
Waia/Kako,Male,51,Primary,15000,3,Yes,Indigenous chicken,4,5,5,5,5,5,5,5,4,4,4,4,4,5,4,5,5,5,2,,,,,,,400,1000,600,5000,10000,5000,0,0,0,,,Yes,Yes,,,,,,,,,,,,,,,,,,,,,,23.0,50.0,27.0,3.0,6.0,3.0,Yes,Yes,Yes,Yes,Yes,Yes,Yes,Yes,Yes,Yes,Yes,Yes,5,4,4,4,4,4
Waia/Kako,Male,50,Diploma,50,3,Yes,Indigenous chicken,4,5,5,4,5,5,5,5,5,5,4,5,4,5,5,5,4,5,2,,,,,,,500,1000,500,5000,15000,10000,0,0,0,,,Yes,Yes,,,,,,,,,,,,,,,,,,,,,,10.0,30.0,20.0,1.0,2.0,1.0,Yes,Yes,Yes,Yes,Yes,Yes,Yes,Yes,Yes,Yes,Yes,Yes,5,5,4,4,4,4
Waia/Kako,Female,67,Primary,20000,4,Yes,Indigenous chicken,4,5,5,5,5,4,4,5,4,4,4,5,5,4,4,5,4,5,2,,,,,,,400,1000,600,4000,8000,4000,0,0,0,,,Yes,Yes,,,,,,,,,,,,,,,,,,,,,,10.0,19.0,9.0,4.0,6.0,2.0,Yes,Yes,Yes,Yes,Yes,Yes,Yes,Yes,Yes,Yes,Yes,Yes,5,5,4,4,4,4
Waia/Kako,Male,56,Primary,20000,2,Yes,Indigenous chicken,4,5,4,4,4,4,4,5,5,5,5,5,5,5,4,4,4,4,2,,,,,,,400,1000,600,3000,10000,7000,0,0,0,,,Yes,Yes,,,,,,,,,,,,,,,,,,,,,,10.0,30.0,20.0,2.0,5.0,3.0,Yes,Yes,Yes,Yes,Yes,Yes,Yes,Yes,Yes,Yes,Yes,Yes,5,4,5,4,5,5
Waia/Kako,Female,36,Secondary,15000,3,Yes,Indigenous chicken,4,5,4,4,4,4,4,4,4,4,5,4,4,4,4,4,5,5,2,,,,,,,400,1000,600,5000,6000,1000,0,0,0,,,Yes,Yes,,,,,,,,,,,,,,,,,,,,,,20.0,8.0,-12.0,8.0,3.0,-5.0,Yes,Yes,Yes,Yes,Yes,Yes,Yes,Yes,Yes,Yes,Yes,Yes,5,4,4,5,5,5
Waia/Kako,Female,33,Certificate,20000,2,Yes,Indigenous chicken,4,5,4,5,4,4,5,5,4,4,4,4,4,4,4,2,4,4,2,,,,,,,400,1000,600,7000,2000,-5000,0,0,0,,,Yes,Yes,,,,,,,,,,,,,,,,,,,,,,10.0,2.0,-8.0,5.0,3.0,-2.0,Yes,Yes,Yes,Yes,Yes,Yes,Yes,Yes,Yes,Yes,Yes,Yes,4,4,4,4,5,5
Waia/Kako,Male,70,Secondary,30000,2,Yes,Indigenous chicken,4,5,5,4,5,5,5,5,4,5,5,5,5,4,4,2,5,4,2,,,,,,,500,1100,600,20000,18000,-2000,0,0,0,,,Yes,Yes,,,,,,,,,,,,,,,,,,,,,,200.0,50.0,-150.0,16.0,10.0,-6.0,Yes,Yes,Yes,Yes,Yes,Yes,Yes,Yes,Yes,Yes,Yes,Yes,5,4,4,4,4,4
Waia/Kako,Female,49,Diploma,27000,2,Yes,Indigenous chicken,4,5,5,5,4,4,4,4,4,5,5,4,5,5,5,4,4,5,2,,,,,,,300,1100,800,5000,10000,5000,0,0,0,,,Yes,Yes,,,,,,,,,,,,,,,,,,,,,,20.0,30.0,10.0,15.0,6.0,-9.0,Yes,Yes,Yes,Yes,Yes,Yes,Yes,Yes,Yes,Yes,Yes,Yes,5,5,4,4,4,4
Waia/Kako,Male,43,Certificate,30000,4,Yes,Indigenous chicken,4,5,5,4,5,4,4,4,4,4,4,5,4,4,4,2,4,4,5,,,,,,,400,1200,800,5000,25000,20000,0,0,0,,,Yes,Yes,,,,,,,,,,,,,,,,,,,,,,15.0,70.0,55.0,5.0,15.0,10.0,Yes,Yes,Yes,Yes,Yes,Yes,Yes,Yes,Yes,Yes,Yes,Yes,5,4,5,4,4,5
Waia/Kako,Female,32,Certificate,25000,4,Yes,Indigenous chicken,4,5,4,4,4,4,4,4,4,4,5,4,5,3,5,3,4,4,4,,,,,,,500,1300,800,6000,15000,9000,0,0,0,,,Yes,Yes,,,,,,,,,,,,,,,,,,,,,,30.0,50.0,20.0,2.0,6.0,4.0,Yes,Yes,Yes,Yes,Yes,Yes,Yes,Yes,Yes,Yes,Yes,Yes,5,4,5,4,5,4
Waia/Kako,Female,40,Degree,50000,3,Yes,Indigenous chicken,4,4,5,5,5,5,4,5,4,5,5,5,3,4,4,5,4,4,2,,,,,,,400,1000,600,8000,20000,12000,0,0,0,,,Yes,Yes,,,,,,,,,,,,,,,,,,,,,,10.0,30.0,20.0,3.0,6.0,3.0,Yes,Yes,Yes,Yes,Yes,Yes,Yes,Yes,Yes,Yes,Yes,Yes,5,5,4,5,4,4
Mtito Andei,Female,56,Certificate,4000,6,No,Indigenous chicken,15,4,4,4,4,5,5,5,4,5,5,5,4,4,5,2,5,2,5,,,,,,,300,750,450,6000,40000,34000,1,1,0,,,Yes,Yes,,,,,,,,,,,,,,,,,,,,,,30.0,70.0,40.0,2.0,4.0,2.0,Yes,Yes,Yes,Yes,Yes,Yes,Yes,Yes,Yes,Yes,Yes,Yes,4,4,4,4,4,4
Mtito Andei,Female,62,Primary,2000,6,No,Indigenous chicken,10,3,5,5,5,4,4,4,4,4,5,4,4,4,5,2,5,2,5,,,,,,,350,550,200,3000,8000,5000,0,0,0,,,Yes,Yes,,,,,,,,,,,,,,,,,,,,,,5.0,30.0,25.0,2.0,4.0,2.0,Yes,No,Yes,No,Yes,Yes,Yes,Yes,Yes,Yes,Yes,Yes,4,4,4,4,3,3
Waia/Kako,Female,45,Certificate,25000,3,Yes,Indigenous chicken,4,5,5,5,4,5,4,4,5,4,5,5,5,4,4,4,4,4,2,,,,,,,500,1000,500,7000,15000,8000,0,0,0,,,Yes,Yes,,,,,,,,,,,,,,,,,,,,,,5.0,20.0,15.0,3.0,6.0,3.0,Yes,Yes,Yes,Yes,Yes,Yes,Yes,Yes,Yes,Yes,Yes,Yes,4,4,4,4,4,4
Waia/Kako,Female,60,Primary,30000,3,Yes,Indigenous chicken,4,4,4,4,5,5,4,5,5,4,4,5,4,4,4,4,4,4,4,,,,,,,400,1000,600,5000,10000,5000,0,0,0,,,Yes,Yes,,,,,,,,,,,,,,,,,,,,,,5.0,15.0,10.0,3.0,6.0,3.0,Yes,Yes,Yes,Yes,Yes,Yes,Yes,Yes,Yes,Yes,Yes,Yes,5,4,4,5,4,5
Waia/Kako,Male,50,Primary,27000,3,Yes,Indigenous chicken,4,4,4,4,4,4,5,4,5,4,4,5,5,5,4,5,5,4,2,,,,,,,400,1000,600,8000,20000,12000,0,0,0,,,Yes,Yes,,,,,,,,,,,,,,,,,,,,,,7.0,20.0,13.0,3.0,7.0,4.0,Yes,Yes,Yes,Yes,Yes,Yes,Yes,Yes,Yes,Yes,Yes,Yes,4,5,4,4,4,4
Waia/Kako,Female,45,Primary,38000,6,Yes,Indigenous chicken,4,5,5,4,5,5,5,5,4,5,5,5,5,4,4,4,4,5,2,,,,,,,450,1100,650,6000,15000,9000,0,0,0,,,Yes,Yes,,,,,,,,,,,,,,,,,,,,,,7.0,27.0,20.0,2.0,6.0,4.0,Yes,Yes,Yes,Yes,Yes,Yes,Yes,Yes,Yes,Yes,Yes,Yes,4,5,4,4,5,4
Waia/Kako,Female,50,Primary,20000,4,Yes,Indigenous chicken,4,4,5,4,5,5,5,5,5,4,4,4,4,4,5,5,5,5,2,,,,,,,350,1000,650,6500,17000,10500,0,0,0,,,Yes,Yes,,,,,,,,,,,,,,,,,,,,,,7.0,30.0,23.0,3.0,7.0,4.0,Yes,Yes,Yes,Yes,Yes,Yes,Yes,Yes,Yes,Yes,Yes,Yes,5,4,4,4,4,4
Waia/Kako,Male,40,Diploma,35000,3,Yes,Indigenous chicken,4,5,4,4,4,4,5,4,5,5,5,5,5,5,4,5,5,5,2,,,,,,,300,1000,700,5000,20000,15000,0,0,0,,,Yes,Yes,,,,,,,,,,,,,,,,,,,,,,3.0,20.0,17.0,2.0,6.0,4.0,Yes,Yes,Yes,Yes,Yes,Yes,Yes,Yes,Yes,Yes,Yes,Yes,5,4,4,4,4,5
Waia/Kako,Female,32,Diploma,35000,2,Yes,Indigenous chicken,4,5,4,4,4,4,4,4,4,4,4,4,4,4,4,4,4,4,2,,,,,,,400,900,500,5000,20000,15000,0,0,0,,,Yes,Yes,,,,,,,,,,,,,,,,,,,,,,10.0,30.0,20.0,2.0,6.0,4.0,Yes,Yes,Yes,Yes,Yes,Yes,Yes,Yes,Yes,Yes,Yes,Yes,4,4,4,4,4,4
Waia/Kako,Male,35,Certificate,30000,4,Yes,Indigenous chicken,4,5,4,4,4,4,4,4,4,4,4,4,4,4,5,3,4,4,2,,,,,,,400,1000,600,3000,15000,12000,0,0,0,,,Yes,Yes,,,,,,,,,,,,,,,,,,,,,,2.0,25.0,23.0,2.0,6.0,4.0,Yes,Yes,Yes,Yes,Yes,Yes,Yes,Yes,Yes,Yes,Yes,Yes,4,4,4,4,4,4
Waia/Kako,Female,40,Certificate,40000,4,Yes,Indigenous chicken,4,4,4,4,4,4,4,5,5,5,5,5,5,5,5,2,5,5,2,,,,,,,400,1000,600,7000,16000,9000,0,0,0,,,Yes,Yes,,,,,,,,,,,,,,,,,,,,,,15.0,40.0,25.0,4.0,7.0,3.0,Yes,Yes,Yes,Yes,Yes,Yes,Yes,Yes,Yes,Yes,Yes,Yes,5,4,4,5,4,4
Waia/Kako,Female,70,Primary,25000,2,Yes,Indigenous chicken,4,5,5,4,5,4,4,4,4,5,5,5,5,5,4,2,5,5,2,,,,,,,450,1000,550,4000,17000,13000,0,0,0,,,Yes,Yes,,,,,,,,,,,,,,,,,,,,,,4.0,20.0,16.0,3.0,7.0,4.0,Yes,Yes,Yes,Yes,Yes,Yes,Yes,Yes,Yes,Yes,Yes,Yes,4,4,4,5,5,5
Waia/Kako,Male,45,Secondary,25000,2,Yes,Indigenous chicken,4,5,5,4,5,4,5,4,4,4,4,4,5,5,4,2,5,5,2,,,,,,,400,1100,700,7000,20500,13500,0,0,0,,,Yes,Yes,,,,,,,,,,,,,,,,,,,,,,15.0,35.0,20.0,4.0,8.0,4.0,Yes,Yes,Yes,Yes,Yes,Yes,Yes,Yes,Yes,Yes,Yes,Yes,5,4,4,5,5,4
Waia/Kako,Male,28,Degree,20000,3,No,Indigenous chicken,3,5,5,4,5,4,5,4,5,4,5,4,4,5,4,5,4,4,5,,,,,,,250,550,300,1200,5000,3800,0,0,0,,,Yes,Yes,,,,,,,,,,,,,,,,,,,,,,12.0,26.0,14.0,3.0,9.0,6.0,Yes,Yes,Yes,Yes,Yes,Yes,Yes,Yes,Yes,Yes,Yes,Yes,5,5,4,5,5,5
Waia/Kako,Male,65,Primary,25000,3,Yes,Indigenous chicken,4,5,4,4,5,5,5,5,5,4,4,4,4,4,4,4,4,4,2,,,,,,,400,1000,600,5000,20000,15000,0,0,0,,,Yes,Yes,,,,,,,,,,,,,,,,,,,,,,20.0,50.0,30.0,4.0,9.0,5.0,Yes,Yes,Yes,Yes,Yes,Yes,Yes,Yes,Yes,Yes,Yes,Yes,5,4,4,4,4,5
Waia/Kako,Male,33,Diploma,40000,3,Yes,Indigenous chicken,4,5,4,4,4,4,4,4,4,4,4,4,4,4,4,3,4,4,5,,,,,,,400,1000,600,6000,10000,4000,0,0,0,,,Yes,Yes,,,,,,,,,,,,,,,,,,,,,,5.0,25.0,20.0,3.0,7.0,4.0,Yes,Yes,Yes,Yes,Yes,Yes,Yes,Yes,Yes,Yes,Yes,Yes,5,4,4,4,4,4
Waia/Kako,Female,42,Secondary,30000,3,Yes,Indigenous chicken,4,4,4,4,5,5,5,5,5,4,5,5,5,5,5,2,5,5,2,,,,,,,400,1000,600,5000,9000,4000,0,0,0,,,Yes,Yes,,,,,,,,,,,,,,,,,,,,,,5.0,23.0,18.0,3.0,8.0,5.0,Yes,Yes,Yes,Yes,Yes,Yes,Yes,Yes,Yes,Yes,Yes,Yes,4,4,5,5,5,4
Waia/Kako,Male,37,Diploma,40000,4,Yes,Indigenous chicken,4,5,4,4,5,4,4,4,4,4,5,5,5,4,4,2,5,5,2,,,,,,,500,1000,500,8000,20000,12000,0,0,0,,,Yes,Yes,,,,,,,,,,,,,,,,,,,,,,10.0,37.0,27.0,5.0,8.0,3.0,Yes,Yes,Yes,Yes,Yes,Yes,Yes,Yes,Yes,Yes,Yes,Yes,5,4,4,4,5,5
Waia/Kako,Male,50,Primary,30000,4,Yes,Indigenous chicken,4,5,5,5,5,5,5,5,4,4,4,5,4,4,4,2,4,4,2,,,,,,,400,1000,600,5000,12000,7000,0,0,0,,,Yes,Yes,,,,,,,,,,,,,,,,,,,,,,5.0,20.0,15.0,2.0,6.0,4.0,Yes,Yes,Yes,Yes,Yes,Yes,Yes,Yes,Yes,Yes,Yes,Yes,5,4,4,4,4,4
Waia/Kako,Female,45,Certificate,35000,3,Yes,Indigenous chicken,4,4,4,4,4,4,4,4,4,4,5,5,4,5,5,2,4,4,2,,,,,,,350,1000,650,3000,14000,11000,0,0,0,,,Yes,Yes,,,,,,,,,,,,,,,,,,,,,,6.0,36.0,30.0,3.0,8.0,5.0,Yes,Yes,Yes,Yes,Yes,Yes,Yes,Yes,Yes,Yes,Yes,Yes,5,4,4,4,4,4
Waia/Kako,Male,30,Diploma,40000,4,Yes,Indigenous chicken,4,4,4,4,5,4,5,5,4,4,4,4,4,4,4,2,4,4,2,,,,,,,400,1100,700,6000,10000,4000,0,0,0,,,Yes,Yes,,,,,,,,,,,,,,,,,,,,,,3.0,17.0,14.0,4.0,6.0,2.0,Yes,No,Yes,Yes,Yes,Yes,Yes,Yes,Yes,Yes,Yes,Yes,5,4,4,4,4,4
Waia/Kako,Female,60,Primary,30000,3,Yes,Indigenous chicken,4,4,4,4,4,4,4,4,4,4,4,4,4,4,5,2,4,4,4,,,,,,,400,1000,600,3000,8000,5000,0,0,0,,,Yes,Yes,,,,,,,,,,,,,,,,,,,,,,4.0,15.0,11.0,2.0,4.0,2.0,Yes,Yes,Yes,Yes,Yes,Yes,Yes,Yes,Yes,Yes,Yes,Yes,5,4,4,4,4,4
Waia/Kako,Female,52,Primary,20000,3,Yes,Indigenous chicken,4,4,4,4,4,4,4,5,4,4,4,4,4,4,4,2,4,5,2,,,,,,,450,1000,550,4000,9000,5000,0,0,0,,,Yes,Yes,,,,,,,,,,,,,,,,,,,,,,4.0,8.0,4.0,2.0,5.0,3.0,Yes,Yes,Yes,Yes,Yes,Yes,Yes,Yes,Yes,Yes,Yes,Yes,4,4,4,4,4,4
Waia/Kako,Female,22,Secondary,5000,6,No,Indigenous chicken,1,5,5,4,4,5,5,3,5,5,4,4,5,5,4,4,5,5,4,,,,,,,250,600,350,1300,2500,1200,1,1,0,,,Yes,Yes,,,,,,,,,,,,,,,,,,,,,,9.0,26.0,17.0,3.0,5.0,2.0,Yes,Yes,Yes,Yes,Yes,Yes,Yes,Yes,Yes,Yes,Yes,Yes,5,5,4,5,4,4
Waia/Kako,Male,46,Primary,40000,6,Yes,Indigenous chicken,6,5,4,5,4,5,4,5,5,5,4,5,4,4,5,4,5,5,4,,,,,,,150,400,250,1750,3500,1750,0,0,0,,,Yes,Yes,,,,,,,,,,,,,,,,,,,,,,18.0,45.0,27.0,2.0,3.0,1.0,Yes,No,Yes,Yes,Yes,Yes,Yes,Yes,Yes,Yes,Yes,Yes,5,4,5,4,5,3
Waia/Kako,Female,42,Secondary,30000,6,Yes,Indigenous chicken,3,5,4,5,4,5,5,4,4,4,4,4,4,4,4,4,4,4,4,,,,,,,200,550,350,1800,5000,3200,0,0,0,,,Yes,Yes,,,,,,,,,,,,,,,,,,,,,,12.0,56.0,44.0,2.0,5.0,3.0,Yes,Yes,Yes,Yes,Yes,Yes,Yes,Yes,Yes,Yes,Yes,Yes,4,4,4,4,4,4
Waia/Kako,Female,33,Diploma,2000,6,Yes,Indigenous chicken,2,4,4,4,4,4,4,4,4,4,4,4,4,4,4,4,4,4,4,,,,,,,180,500,320,1300,5500,4200,0,0,0,,,Yes,Yes,,,,,,,,,,,,,,,,,,,,,,12.0,100.0,88.0,2.0,4.0,2.0,Yes,Yes,Yes,Yes,Yes,Yes,Yes,Yes,Yes,Yes,Yes,Yes,4,4,4,4,4,4
Waia/Kako,Male,38,Certificate,15000,6,No,Indigenous chicken,3,4,4,4,4,4,4,4,4,4,4,4,4,4,4,4,4,4,4,,,,,,,150,350,200,1800,5300,3500,0,0,0,,,Yes,Yes,,,,,,,,,,,,,,,,,,,,,,9.0,45.0,36.0,2.0,4.0,2.0,Yes,Yes,Yes,Yes,Yes,Yes,Yes,Yes,Yes,Yes,Yes,Yes,4,4,4,4,4,4
Mtito Andei,Female,60,Primary,4000,4,Yes,Indigenous chicken,6,4,4,4,4,4,4,4,4,5,4,4,4,4,4,4,4,4,4,,,,,,,400,700,300,3000,20000,17000,0,0,0,,,Yes,Yes,,,,,,,,,,,,,,,,,,,,,,15.0,40.0,25.0,2.0,3.0,1.0,Yes,Yes,Yes,Yes,Yes,Yes,Yes,Yes,Yes,Yes,Yes,Yes,4,4,4,4,4,4
Mtito Andei,Female,55,Primary,3000,6,Yes,Indigenous chicken,10,4,4,4,4,4,4,4,4,4,4,4,4,4,4,4,4,4,4,,,,,,,300,700,400,2500,20000,17500,0,0,0,,,Yes,Yes,,,,,,,,,,,,,,,,,,,,,,5.0,26.0,21.0,1.0,3.0,2.0,Yes,Yes,Yes,Yes,Yes,Yes,Yes,Yes,Yes,Yes,Yes,Yes,4,4,4,4,4,4
Mtito Andei,Male,34,Degree,30000,5,Yes,Indigenous chicken,6,4,4,4,4,4,4,4,4,4,4,4,4,4,4,4,4,4,4,,,,,,,350,670,320,3500,12000,8500,0,1,1,,,Yes,Yes,,,,,,,,,,,,,,,,,,,,,,25.0,70.0,45.0,2.0,3.0,1.0,Yes,Yes,Yes,Yes,Yes,Yes,Yes,Yes,Yes,Yes,Yes,Yes,4,4,5,4,5,5
Mtito Andei,Male,65,Secondary,6000,6,Yes,Indigenous chicken,15,4,4,4,4,4,4,4,4,4,4,4,5,4,4,4,4,4,4,,,,,,,300,650,350,4500,18000,13500,0,1,1,,,Yes,Yes,,,,,,,,,,,,,,,,,,,,,,25.0,100.0,75.0,2.0,4.0,2.0,Yes,Yes,Yes,Yes,Yes,Yes,Yes,Yes,Yes,Yes,Yes,Yes,5,4,4,4,4,4
Mtito Andei,Female,55,Certificate,6000,5,Yes,Indigenous chicken,20,4,4,4,4,4,4,4,4,4,4,4,4,4,4,4,4,4,4,,,,,,,350,700,350,3500,25000,21500,0,0,0,,,Yes,Yes,,,,,,,,,,,,,,,,,,,,,,25.0,46.0,21.0,1.0,3.0,2.0,Yes,Yes,Yes,Yes,Yes,Yes,Yes,Yes,Yes,Yes,Yes,Yes,5,5,4,4,4,4
Mtito Andei,Male,60,Secondary,3000,4,Yes,Indigenous chicken,14,4,4,4,4,4,4,4,4,4,4,4,4,4,4,5,5,4,4,,,,,,,250,600,350,4000,15000,11000,0,0,0,,,Yes,Yes,,,,,,,,,,,,,,,,,,,,,,10.0,30.0,20.0,2.0,3.0,1.0,Yes,Yes,Yes,Yes,Yes,Yes,Yes,Yes,Yes,Yes,Yes,Yes,5,5,5,5,5,4
Mtito Andei,Female,34,Secondary,6000,1,No,Indigenous chicken,10,5,5,4,4,4,5,4,5,5,4,4,5,4,5,5,5,5,4,,,,,,,300,600,300,3000,10000,7000,0,0,0,,,Yes,Yes,,,,,,,,,,,,,,,,,,,,,,6.0,25.0,19.0,2.0,3.0,1.0,Yes,Yes,Yes,Yes,Yes,Yes,Yes,Yes,Yes,Yes,Yes,Yes,4,4,4,4,4,5
Mtito Andei,Female,65,Secondary,6000,6,Yes,Indigenous chicken,25,4,4,4,4,4,4,4,4,4,4,4,5,4,4,4,4,4,4,,,,,,,250,500,250,3000,12000,9000,0,0,0,,,Yes,Yes,,,,,,,,,,,,,,,,,,,,,,10.0,20.0,10.0,1.0,2.0,1.0,Yes,Yes,Yes,Yes,Yes,Yes,Yes,Yes,Yes,Yes,Yes,Yes,4,4,4,4,4,4
Mtito Andei,Female,32,Secondary,3000,1,No,Indigenous chicken,5,4,4,4,4,4,4,4,4,4,4,4,4,4,4,4,4,4,4,,,,,,,300,700,400,3500,6000,2500,0,0,0,,,Yes,Yes,,,,,,,,,,,,,,,,,,,,,,5.0,20.0,15.0,1.0,2.0,1.0,Yes,Yes,Yes,Yes,Yes,Yes,Yes,Yes,Yes,Yes,Yes,Yes,5,5,5,5,5,5
Mtito Andei,Male,62,Secondary,5000,6,Yes,Indigenous chicken,30,5,5,5,5,5,5,5,5,5,5,5,4,4,4,4,4,5,5,,,,,,,400,600,200,4000,12000,8000,0,0,0,,,Yes,Yes,,,,,,,,,,,,,,,,,,,,,,15.0,30.0,15.0,1.0,2.0,1.0,Yes,Yes,Yes,Yes,Yes,Yes,Yes,Yes,Yes,Yes,Yes,Yes,4,4,4,4,5,5
Mtito Andei,Male,30,Secondary,3000,1,No,Indigenous chicken,3,5,5,4,5,4,4,5,5,5,5,5,5,5,5,5,5,5,5,,,,,,,250,600,350,3000,5500,2500,0,0,0,,,Yes,Yes,,,,,,,,,,,,,,,,,,,,,,5.0,15.0,10.0,1.0,2.0,1.0,Yes,Yes,Yes,Yes,Yes,Yes,Yes,Yes,Yes,Yes,Yes,Yes,5,5,5,5,5,5
Mtito Andei,Female,58,Secondary,6000,6,Yes,Indigenous chicken,20,5,5,5,5,5,4,5,4,4,4,4,4,4,4,4,4,5,5,,,,,,,300,700,400,4500,8000,3500,0,0,0,,,Yes,Yes,,,,,,,,,,,,,,,,,,,,,,10.0,20.0,10.0,1.0,2.0,1.0,Yes,Yes,Yes,Yes,Yes,Yes,Yes,Yes,Yes,Yes,Yes,Yes,5,5,5,5,5,5
Mtito Andei,Male,54,Secondary,6000,6,Yes,Indigenous chicken,5,5,5,4,5,5,5,5,5,5,5,5,5,5,5,5,5,5,5,,,,,,,250,800,550,5000,15000,10000,0,0,0,,,Yes,Yes,,,,,,,,,,,,,,,,,,,,,,10.0,25.0,15.0,1.0,2.0,1.0,Yes,Yes,Yes,Yes,Yes,Yes,Yes,Yes,Yes,Yes,Yes,Yes,5,5,5,4,4,4
Mtito Andei,Female,48,Primary,3000,6,No,Indigenous chicken,20,4,4,4,4,4,5,5,5,5,5,5,5,5,5,2,5,5,5,,,,,,,300,900,600,5000,20000,15000,0,0,0,,,Yes,Yes,,,,,,,,,,,,,,,,,,,,,,20.0,30.0,10.0,1.0,2.0,1.0,Yes,Yes,Yes,Yes,Yes,Yes,Yes,Yes,Yes,Yes,Yes,Yes,5,5,5,5,5,5
Mtito Andei,Female,60,Primary,2000,6,No,Indigenous chicken,25,3,5,5,5,5,5,5,5,5,5,5,5,5,5,3,5,3,5,,,,,,,300,900,600,4500,9000,4500,0,0,0,,,Yes,Yes,,,,,,,,,,,,,,,,,,,,,,30.0,40.0,10.0,1.0,2.0,1.0,Yes,Yes,Yes,Yes,Yes,Yes,Yes,Yes,Yes,Yes,Yes,Yes,5,5,5,5,5,5
Mtito Andei,Female,60,Primary,6000,5,No,Indigenous chicken,3,5,5,5,5,5,5,5,5,5,5,5,5,5,5,3,5,3,5,,,,,,,800,800,0,3000,6000,3000,0,0,0,,,Yes,Yes,,,,,,,,,,,,,,,,,,,,,,20.0,15.0,-5.0,1.0,2.0,1.0,Yes,Yes,Yes,Yes,Yes,Yes,Yes,Yes,Yes,Yes,Yes,Yes,5,5,5,5,5,5
Mtito Andei,Female,64,Primary,3000,6,No,Indigenous chicken,5,5,5,5,5,5,5,5,5,5,5,5,5,5,5,2,5,5,5,,,,,,,300,1000,700,6000,20000,14000,0,0,0,,,Yes,Yes,,,,,,,,,,,,,,,,,,,,,,0.0,29.0,29.0,1.0,2.0,1.0,Yes,Yes,Yes,Yes,Yes,Yes,Yes,Yes,Yes,Yes,Yes,Yes,5,5,5,5,5,5
Mtito Andei,Female,56,Primary,5000,2,No,Indigenous chicken,50,5,5,5,5,5,5,5,5,5,5,5,5,5,5,3,5,4,5,,,,,,,350,900,550,10000,20000,10000,0,0,0,,,Yes,Yes,,,,,,,,,,,,,,,,,,,,,,20.0,40.0,20.0,1.0,2.0,1.0,Yes,Yes,Yes,Yes,Yes,Yes,Yes,Yes,Yes,Yes,Yes,Yes,5,5,5,5,5,5
Mtito Andei,Female,54,Secondary,5000,4,No,Indigenous chicken,15,5,5,5,5,5,5,5,5,5,5,5,5,5,5,5,5,5,5,,,,,,,350,850,500,4000,12000,8000,0,0,0,,,Yes,Yes,,,,,,,,,,,,,,,,,,,,,,10.0,25.0,15.0,1.0,2.0,1.0,Yes,Yes,Yes,Yes,Yes,Yes,Yes,Yes,Yes,Yes,Yes,Yes,4,4,4,5,5,5
Mtito Andei,Female,49,Secondary,4500,4,No,Indigenous chicken,10,4,4,4,4,4,4,4,4,4,4,5,5,4,4,5,5,5,5,,,,,,,400,900,500,4500,10000,5500,0,0,0,,,Yes,Yes,,,,,,,,,,,,,,,,,,,,,,12.0,20.0,8.0,1.0,2.0,1.0,Yes,Yes,Yes,Yes,Yes,Yes,Yes,Yes,Yes,Yes,Yes,Yes,5,5,4,5,5,5
Mtito Andei,Female,35,Secondary,4000,1,No,Indigenous chicken,3,5,5,5,5,5,5,5,5,5,5,5,5,5,5,5,5,4,4,,,,,,,350,800,450,5000,12000,7000,0,0,0,,,Yes,Yes,,,,,,,,,,,,,,,,,,,,,,10.0,20.0,10.0,1.0,2.0,1.0,Yes,Yes,Yes,Yes,Yes,Yes,Yes,Yes,Yes,Yes,Yes,Yes,5,5,4,4,5,5
Mtito Andei,Female,50,Primary,6000,5,Yes,Indigenous chicken,15,5,5,5,5,5,5,5,5,5,5,5,5,5,5,5,5,5,5,,,,,,,250,750,500,4500,7000,2500,0,0,0,,,Yes,Yes,,,,,,,,,,,,,,,,,,,,,,10.0,25.0,15.0,1.0,2.0,1.0,Yes,Yes,Yes,Yes,Yes,Yes,Yes,Yes,Yes,Yes,Yes,Yes,5,4,4,5,5,5
Mtito Andei,Female,48,Secondary,3000,6,Yes,Indigenous chicken,5,5,5,4,4,4,5,5,4,5,5,5,5,5,5,4,5,4,4,,,,,,,450,900,450,5000,10000,5000,0,0,0,,,Yes,Yes,,,,,,,,,,,,,,,,,,,,,,12.0,25.0,13.0,1.0,2.0,1.0,Yes,Yes,Yes,Yes,Yes,Yes,Yes,Yes,Yes,Yes,Yes,Yes,4,4,4,4,5,4
Mtito Andei,Female,65,Secondary,5000,5,No,Indigenous chicken,4,5,5,4,5,4,5,5,5,5,4,5,5,5,5,5,4,4,5,,,,,,,350,900,550,5000,13000,8000,0,0,0,,,Yes,Yes,,,,,,,,,,,,,,,,,,,,,,12.0,25.0,13.0,1.0,2.0,1.0,Yes,Yes,Yes,Yes,Yes,Yes,Yes,Yes,Yes,Yes,Yes,Yes,5,5,4,5,5,5
Mtito Andei,Female,65,Secondary,5000,6,Yes,Indigenous chicken,6,5,5,5,5,5,4,4,4,4,4,4,4,4,4,5,4,4,4,,,,,,,400,860,460,6000,15000,9000,0,0,0,,,Yes,Yes,,,,,,,,,,,,,,,,,,,,,,15.0,24.0,9.0,1.0,2.0,1.0,Yes,Yes,Yes,Yes,Yes,Yes,Yes,Yes,Yes,Yes,Yes,Yes,4,4,4,4,4,4
Mtito Andei,Male,70,Secondary,4500,6,Yes,Indigenous chicken,10,5,5,5,5,5,5,5,5,5,5,5,5,5,5,5,5,5,5,,,,,,,400,850,450,6000,15000,9000,0,0,0,,,Yes,Yes,,,,,,,,,,,,,,,,,,,,,,15.0,25.0,10.0,1.0,2.0,1.0,Yes,Yes,Yes,Yes,Yes,Yes,Yes,Yes,Yes,Yes,Yes,Yes,5,5,5,5,5,5
Mtito Andei,Male,28,Secondary,3000,1,No,Indigenous chicken,5,5,4,4,4,4,4,4,4,4,4,5,5,5,5,5,5,5,5,,,,,,,0,900,900,0,12000,12000,0,0,0,,,Yes,Yes,,,,,,,,,,,,,,,,,,,,,,0.0,25.0,25.0,0.0,2.0,2.0,Yes,Yes,Yes,Yes,Yes,Yes,Yes,Yes,Yes,Yes,Yes,Yes,5,5,5,5,5,5
Mtito Andei,Male,44,Certificate,6000,5,Yes,Indigenous chicken,10,5,5,5,5,5,5,5,5,5,5,4,4,5,5,5,5,5,5,,,,,,,350,800,450,6000,12000,6000,0,0,0,,,Yes,Yes,,,,,,,,,,,,,,,,,,,,,,15.0,35.0,20.0,1.0,2.0,1.0,Yes,Yes,Yes,Yes,Yes,Yes,Yes,Yes,Yes,Yes,Yes,Yes,5,5,5,5,5,4
Mtito Andei,Female,32,Secondary,4500,5,No,Indigenous chicken,8,5,5,4,4,4,4,4,4,4,4,4,4,4,4,4,4,4,4,,,,,,,400,1000,600,5000,12000,7000,0,0,0,,,Yes,Yes,,,,,,,,,,,,,,,,,,,,,,10.0,30.0,20.0,1.0,2.0,1.0,Yes,Yes,Yes,Yes,Yes,Yes,Yes,Yes,Yes,Yes,Yes,Yes,5,4,4,4,5,5
Mtito Andei,Female,28,Secondary,4000,4,Yes,Indigenous chicken,5,5,5,4,4,4,5,5,5,4,5,5,5,5,5,5,5,5,4,,,,,,,350,900,550,6000,16000,10000,0,0,0,,,Yes,Yes,,,,,,,,,,,,,,,,,,,,,,8.0,37.0,29.0,1.0,2.0,1.0,Yes,Yes,Yes,Yes,Yes,Yes,Yes,Yes,Yes,Yes,Yes,Yes,5,4,4,4,5,4
Mtito Andei,Female,40,Secondary,7000,6,No,Indigenous chicken,5,4,4,4,4,4,5,5,5,5,5,5,5,5,5,5,5,5,5,,,,,,,350,1000,650,6000,12000,6000,0,0,0,,,Yes,Yes,,,,,,,,,,,,,,,,,,,,,,12.0,36.0,24.0,1.0,2.0,1.0,Yes,Yes,Yes,Yes,Yes,Yes,Yes,Yes,Yes,Yes,Yes,Yes,5,5,5,5,5,5
Mtito Andei,Male,30,Secondary,5000,5,No,Indigenous chicken,2,5,5,5,5,5,5,5,5,5,5,5,5,5,4,4,5,5,5,,,,,,,500,1000,500,6000,10000,4000,0,0,0,,,Yes,Yes,,,,,,,,,,,,,,,,,,,,,,12.0,35.0,23.0,1.0,2.0,1.0,Yes,Yes,Yes,Yes,Yes,Yes,Yes,Yes,Yes,Yes,Yes,Yes,5,4,4,4,4,4
Mtito Andei,Female,50,Primary,3000,6,Yes,Indigenous chicken,5,5,4,4,5,5,4,5,5,4,4,4,4,4,4,5,5,5,5,,,,,,,300,900,600,6000,12000,6000,0,0,0,,,Yes,Yes,,,,,,,,,,,,,,,,,,,,,,10.0,36.0,26.0,1.0,2.0,1.0,Yes,Yes,Yes,Yes,Yes,Yes,Yes,Yes,Yes,Yes,Yes,Yes,5,5,5,5,5,5
Mtito Andei,Male,46,Secondary,5500,5,Yes,Indigenous chicken,5,5,5,5,5,5,5,5,5,5,5,5,5,5,5,5,5,5,5,,,,,,,250,800,550,8000,16000,8000,0,0,0,,,Yes,Yes,,,,,,,,,,,,,,,,,,,,,,12.0,38.0,26.0,1.0,2.0,1.0,Yes,Yes,Yes,Yes,Yes,Yes,Yes,Yes,Yes,Yes,Yes,Yes,5,5,5,5,5,5
Mtito Andei,Female,74,Primary,5000,5,Yes,Indigenous chicken,10,5,5,5,5,5,5,5,5,5,5,5,5,5,5,5,5,5,5,,,,,,,300,1000,700,6000,15000,9000,0,0,0,,,Yes,Yes,,,,,,,,,,,,,,,,,,,,,,10.0,25.0,15.0,1.0,2.0,1.0,Yes,Yes,Yes,Yes,Yes,Yes,Yes,Yes,Yes,Yes,Yes,Yes,5,5,5,5,5,5
Mtito Andei,Male,34,Secondary,6000,5,Yes,Indigenous chicken,3,5,4,4,4,4,4,4,4,4,4,4,4,4,4,4,4,4,4,,,,,,,250,1000,750,12000,17000,5000,0,0,0,,,Yes,Yes,,,,,,,,,,,,,,,,,,,,,,10.0,40.0,30.0,1.0,2.0,1.0,Yes,Yes,Yes,Yes,Yes,Yes,Yes,Yes,Yes,Yes,Yes,Yes,5,5,5,5,5,5
Mtito Andei,Female,82,Primary,4500,6,No,Indigenous chicken,15,5,4,4,4,4,4,4,4,4,4,4,4,4,4,4,4,4,4,,,,,,,250,900,650,6000,19000,13000,0,0,0,,,Yes,Yes,,,,,,,,,,,,,,,,,,,,,,15.0,30.0,15.0,1.0,2.0,1.0,Yes,Yes,Yes,Yes,Yes,Yes,Yes,Yes,Yes,Yes,Yes,Yes,5,5,5,4,5,5
Mtito Andei,Female,71,Primary,3000,6,No,Indigenous chicken,16,5,5,5,5,5,5,5,5,5,4,4,5,4,4,4,4,4,4,,,,,,,300,1000,700,6000,18000,12000,0,0,0,,,Yes,Yes,,,,,,,,,,,,,,,,,,,,,,12.0,26.0,14.0,1.0,30.0,29.0,Yes,Yes,Yes,Yes,Yes,Yes,Yes,Yes,Yes,Yes,Yes,Yes,5,5,5,5,5,5
Mtito Andei,Male,25,Secondary,3000,4,No,Indigenous chicken,3,5,5,4,4,4,4,4,4,4,4,4,4,4,4,4,5,4,4,,,,,,,250,900,650,6000,12000,6000,0,0,0,,,Yes,Yes,,,,,,,,,,,,,,,,,,,,,,7.0,20.0,13.0,1.0,2.0,1.0,Yes,Yes,Yes,Yes,Yes,Yes,Yes,Yes,Yes,Yes,Yes,Yes,5,4,4,4,4,4
Mtito Andei,Female,23,Primary,7500,6,No,Indigenous chicken,3,3,4,4,4,4,4,4,4,5,4,4,4,4,4,2,4,2,4,,,,,,,300,600,300,2500,5500,3000,0,0,0,,,Yes,Yes,,,,,,,,,,,,,,,,,,,,,,10.0,30.0,20.0,2.0,3.0,1.0,Yes,Yes,Yes,Yes,Yes,Yes,Yes,Yes,Yes,Yes,Yes,Yes,4,4,4,4,4,4
Mtito Andei,Female,67,Primary,10000,6,No,Indigenous chicken,20,3,4,4,5,4,4,4,4,5,4,4,4,4,4,2,4,2,4,,,,,,,300,600,300,2800,6000,3200,0,1,1,,,Yes,Yes,,,,,,,,,,,,,,,,,,,,,,52.0,100.0,48.0,2.0,3.0,1.0,Yes,Yes,Yes,Yes,Yes,Yes,Yes,Yes,Yes,Yes,Yes,Yes,4,4,4,4,4,4
Mtito Andei,Female,26,Secondary,18000,2,Yes,Indigenous chicken,4,3,4,4,4,4,4,4,4,5,4,4,4,4,4,2,4,2,3,,,,,,,350,800,450,5000,15000,10000,0,0,0,,,Yes,Yes,,,,,,,,,,,,,,,,,,,,,,15.0,57.0,42.0,2.0,4.0,2.0,Yes,Yes,Yes,Yes,Yes,Yes,Yes,Yes,Yes,Yes,Yes,Yes,4,4,4,4,4,4
Mtito Andei,Female,24,Secondary,9000,4,No,Indigenous chicken,3,4,4,4,4,4,4,4,4,5,4,4,4,4,4,2,4,3,3,,,,,,,350,700,350,5000,8000,3000,0,0,0,,,Yes,Yes,,,,,,,,,,,,,,,,,,,,,,10.0,45.0,35.0,2.0,4.0,2.0,Yes,Yes,Yes,Yes,Yes,Yes,Yes,Yes,Yes,Yes,Yes,Yes,4,4,4,4,4,4
Mtito Andei,Female,29,Secondary,10000,5,No,Indigenous chicken,4,3,4,4,4,4,4,4,4,4,4,4,4,4,4,2,4,2,4,,,,,,,300,700,400,6500,9000,2500,0,1,1,,,Yes,Yes,,,,,,,,,,,,,,,,,,,,,,25.0,60.0,35.0,2.0,4.0,2.0,Yes,Yes,Yes,Yes,Yes,Yes,Yes,Yes,Yes,Yes,Yes,Yes,4,4,4,4,4,4
Mtito Andei,Female,28,Secondary,15000,4,No,Indigenous chicken,4,3,4,4,4,4,4,4,4,5,4,4,4,4,4,2,4,3,3,,,,,,,350,800,450,2600,14000,11400,0,1,1,,,Yes,Yes,,,,,,,,,,,,,,,,,,,,,,11.0,62.0,51.0,2.0,4.0,2.0,Yes,Yes,Yes,Yes,Yes,Yes,Yes,Yes,Yes,Yes,Yes,Yes,4,4,4,4,4,4
Mtito Andei,Female,62,Secondary,15000,4,Yes,Indigenous chicken,15,3,4,4,4,4,4,4,4,4,4,4,4,4,4,2,4,2,4,,,,,,,300,700,400,2500,12000,9500,0,1,1,,,Yes,Yes,,,,,,,,,,,,,,,,,,,,,,15.0,90.0,75.0,2.0,4.0,2.0,Yes,Yes,Yes,Yes,Yes,Yes,Yes,Yes,Yes,Yes,Yes,Yes,4,4,4,4,4,4
Mtito Andei,Female,85,Primary,16000,6,No,Indigenous chicken,18,3,4,4,4,4,4,4,4,5,4,4,4,4,4,2,4,2,4,,,,,,,300,500,200,4000,11000,7000,0,0,0,,,Yes,Yes,,,,,,,,,,,,,,,,,,,,,,20.0,90.0,70.0,2.0,3.0,1.0,Yes,Yes,Yes,Yes,Yes,Yes,Yes,Yes,Yes,Yes,Yes,Yes,4,4,4,4,4,4
Mtito Andei,Female,54,Primary,14000,6,Yes,Indigenous chicken,15,3,4,5,4,4,4,4,4,5,4,4,4,4,4,2,4,3,4,,,,,,,300,700,400,3000,12000,9000,0,1,1,,,Yes,Yes,,,,,,,,,,,,,,,,,,,,,,15.0,200.0,185.0,2.0,4.0,2.0,Yes,Yes,Yes,Yes,Yes,Yes,Yes,Yes,Yes,Yes,Yes,Yes,4,4,4,4,4,4
Mtito Andei,Female,60,Primary,16000,6,Yes,Indigenous chicken,20,3,4,4,4,4,4,4,4,4,4,4,4,4,4,2,4,3,4,,,,,,,300,700,400,4000,12000,8000,0,1,1,,,Yes,Yes,,,,,,,,,,,,,,,,,,,,,,30.0,92.0,62.0,2.0,4.0,2.0,Yes,Yes,Yes,Yes,Yes,Yes,Yes,Yes,Yes,Yes,Yes,Yes,4,4,4,4,4,4
Mtito Andei,Female,62,Primary,4500,5,No,Indigenous chicken,6,5,5,5,5,5,5,5,5,5,5,5,5,5,5,5,5,5,5,,,,,,,300,900,600,5000,12000,7000,0,0,0,,,Yes,Yes,,,,,,,,,,,,,,,,,,,,,,12.0,26.0,14.0,1.0,2.0,1.0,Yes,Yes,Yes,Yes,Yes,Yes,Yes,Yes,Yes,Yes,Yes,Yes,5,5,5,5,5,5
Mtito Andei,Female,49,Primary,8000,6,Yes,Indigenous chicken,11,3,4,4,4,4,4,4,4,4,4,4,4,4,4,2,4,2,4,,,,,,,300,700,400,5000,28000,23000,0,1,1,,,Yes,Yes,,,,,,,,,,,,,,,,,,,,,,10.0,68.0,58.0,2.0,3.0,1.0,Yes,Yes,Yes,Yes,Yes,Yes,Yes,Yes,Yes,Yes,Yes,Yes,4,4,4,4,4,4
